issue_key,issue_creation_time,related_dmp,is_approved,ordered_status_transition_list
ERB-1572,2026-07-20T14:22:51.742Z,DMP-2867,false,"[""Submitted"",""Minor revisions"",""In Review"",""Submitted"",""Major revisions"",""Major revisions"",""In Review"",""In Review"",""Submitted"",""Submitted""]"
ERB-945,2026-03-19T09:50:26.610Z,DMP-1935,true,"[""Approved"",""Approved"",""In Review"",""In Review"",""Submitted"",""Submitted"",""Waiting for approval"",""Waiting for approval""]"
ERB-799,2026-03-05T10:19:06.266Z,DMP-1633,true,"[""Approved"",""Approved"",""In Review"",""In Review"",""Submitted"",""Submitted"",""Minor revisions"",""Minor revisions"",""In Review"",""In Review"",""Submitted"",""Submitted"",""Waiting for approval"",""Waiting for approval""]"
ERB-1343,2026-05-11T17:33:39.845Z,DMP-2305,true,"[""Approved"",""Approved"",""In Review"",""In Review"",""Submitted"",""Submitted"",""Waiting for approval"",""Waiting for approval""]"
ERB-723,2026-02-16T14:41:37.229Z,DMP-1554,true,"[""Approved"",""Approved"",""In Review"",""In Review"",""Submitted"",""Submitted"",""Waiting for approval"",""Waiting for approval""]"
ERB-682,2026-02-02T13:43:14.726Z,DMP-1426,true,"[""Approved"",""Approved"",""In Review"",""In Review"",""Submitted"",""Submitted""]"
ERB-1410,2026-05-22T11:53:55.493Z,DMP-2574,true,"[""Approved"",""Approved"",""In Review"",""In Review"",""Submitted"",""Submitted""]"
ERB-1596,2026-08-13T10:01:46.104Z,DMP-2916,true,"[""Approved"",""In Review"",""Submitted"",""Waiting for approval"",""Draft"",""Waiting for approval"",""Major revisions"",""In Review"",""Submitted"",""Minor revisions"",""In Review"",""In Review"",""Submitted"",""Submitted"",""Waiting for approval"",""Waiting for approval""]"
ERB-1393,2026-05-19T15:28:40.764Z,DMP-2536,true,"[""Approved"",""Approved"",""In Review"",""In Review"",""Submitted"",""Submitted"",""Waiting for approval"",""Waiting for approval""]"
ERB-691,2026-02-04T14:46:58.812Z,DMP-1467,true,"[""Approved"",""Approved"",""In Review"",""In Review"",""Submitted"",""Submitted"",""Minor revisions"",""Minor revisions"",""In Review"",""In Review"",""Submitted"",""Submitted"",""Minor revisions"",""Minor revisions"",""In Review"",""In Review"",""Submitted"",""Submitted"",""Waiting for approval"",""Waiting for approval""]"
ERB-1440,2026-05-27T09:29:03.133Z,DMP-2500,true,"[""Approved"",""Approved"",""In Review"",""In Review"",""Submitted"",""Submitted"",""Waiting for approval"",""Waiting for approval""]"
ERB-1261,2026-05-01T14:53:50.411Z,DMP-2357,true,"[""Approved"",""Approved"",""In Review"",""In Review"",""Submitted"",""Submitted"",""Waiting for approval"",""Waiting for approval""]"
ERB-1352,2026-05-12T16:36:51.725Z,DMP-2472,true,"[""Approved"",""Approved"",""In Review"",""In Review"",""Submitted"",""Submitted"",""Waiting for approval"",""Waiting for approval""]"
ERB-1226,2026-04-28T11:29:05.454Z,DMP-2292,true,"[""Approved"",""Approved"",""In Review"",""In Review"",""Submitted"",""Submitted"",""Waiting for approval"",""Waiting for approval"",""Draft"",""Draft"",""Waiting for approval"",""Waiting for approval""]"
ERB-1549,2026-06-29T14:39:30.393Z,DMP-2783,false,"[""Waiting for approval"",""Waiting for approval""]"
ERB-789,2026-03-04T17:03:59.556Z,DMP-1449,true,"[""Approved"",""Approved"",""In Review"",""In Review"",""Submitted"",""Submitted"",""Waiting for approval"",""Waiting for approval""]"
ERB-947,2026-03-19T11:17:46.154Z,DMP-1812,true,"[""Approved"",""Approved"",""In Review"",""In Review"",""Submitted"",""Submitted"",""Waiting for approval"",""Waiting for approval"",""Draft"",""Draft"",""Waiting for approval"",""Waiting for approval"",""Draft"",""Draft"",""Waiting for approval"",""Waiting for approval""]"
ERB-457,2025-10-20T15:33:33.853Z,DMP-745,true,"[""Approved"",""Approved"",""Conditional approval"",""Conditional approval"",""In Review"",""In Review"",""Submitted"",""Submitted"",""Minor revisions"",""Minor revisions"",""In Review"",""In Review"",""Submitted"",""Submitted""]"
ERB-1365,2026-05-14T22:37:06.691Z,DMP-2511,true,"[""Approved"",""Approved"",""In Review"",""In Review"",""Submitted"",""Submitted"",""Waiting for approval"",""Waiting for approval""]"
ERB-472,2025-10-29T13:37:52.548Z,DMP-941,true,"[""Approved"",""Approved"",""In Review"",""In Review"",""Submitted"",""Submitted"",""Minor revisions"",""Minor revisions"",""In Review"",""In Review"",""Submitted"",""Submitted""]"
ERB-1044,2026-03-27T15:32:21.202Z,DMP-2023,true,"[""Approved"",""Approved"",""In Review"",""In Review"",""Submitted"",""Submitted"",""Waiting for approval"",""Waiting for approval""]"
ERB-1472,2026-06-02T07:16:45.862Z,DMP-2657,true,"[""Approved"",""Approved"",""In Review"",""In Review"",""Submitted"",""Submitted"",""Waiting for approval"",""Waiting for approval"",""Draft"",""Draft"",""Retracted"",""Retracted"",""Draft"",""Draft"",""Waiting for approval"",""Waiting for approval""]"
ERB-1499,2026-06-09T14:08:03.926Z,DMP-2037,true,"[""Approved"",""Approved"",""In Review"",""In Review"",""Submitted"",""Submitted"",""Waiting for approval"",""Waiting for approval""]"
ERB-1112,2026-04-09T15:39:13.240Z,DMP-2131,true,"[""Approved"",""Approved"",""In Review"",""In Review"",""Submitted"",""Submitted"",""Minor revisions"",""Minor revisions"",""In Review"",""In Review"",""Submitted"",""Submitted"",""Waiting for approval"",""Waiting for approval"",""Draft"",""Draft"",""Retracted"",""Retracted"",""Draft"",""Draft"",""Retracted"",""Retracted"",""Submitted"",""Submitted"",""Waiting for approval"",""Waiting for approval"",""Draft"",""Draft"",""Waiting for approval"",""Waiting for approval""]"
ERB-524,2025-11-20T10:47:45.557Z,DMP-1055,true,"[""Approved"",""Approved"",""In Review"",""In Review"",""Submitted"",""Submitted"",""Minor revisions"",""Minor revisions"",""In Review"",""In Review"",""Submitted"",""Submitted"",""Minor revisions"",""Minor revisions"",""In Review"",""In Review"",""Submitted"",""Submitted"",""Major revisions"",""Major revisions"",""In Review"",""In Review"",""Submitted"",""Submitted""]"
ERB-1245,2026-04-30T10:33:45.048Z,DMP-1617,true,"[""Approved"",""Approved"",""In Review"",""In Review"",""Submitted"",""Submitted"",""Waiting for approval"",""Waiting for approval""]"
ERB-1048,2026-03-28T20:54:52.416Z,DMP-2013,true,"[""Approved"",""Approved"",""In Review"",""In Review"",""Submitted"",""Submitted"",""Waiting for approval"",""Waiting for approval""]"
ERB-784,2026-03-04T13:26:16.153Z,DMP-1679,true,"[""Approved"",""Approved"",""In Review"",""In Review"",""Submitted"",""Submitted"",""Waiting for approval"",""Waiting for approval""]"
ERB-1161,2026-04-17T11:09:23.275Z,DMP-2211,true,"[""Approved"",""Approved"",""In Review"",""In Review"",""Submitted"",""Submitted"",""Waiting for approval"",""Waiting for approval""]"
ERB-1334,2026-05-11T16:03:34.901Z,DMP-2388,true,"[""Approved"",""Approved"",""In Review"",""In Review"",""Submitted"",""Submitted"",""Waiting for approval"",""Waiting for approval""]"
ERB-1026,2026-03-25T16:21:39.625Z,DMP-1577,true,"[""Approved"",""Approved"",""In Review"",""In Review"",""Submitted"",""Submitted"",""Waiting for approval"",""Waiting for approval"",""Draft"",""Draft"",""Retracted"",""Retracted""]"
ERB-595,2025-12-16T17:12:11.326Z,DMP-1174,true,"[""Approved"",""Approved"",""In Review"",""In Review"",""Submitted"",""Submitted"",""Major revisions"",""Major revisions"",""In Review"",""In Review"",""Submitted"",""Submitted""]"
ERB-726,2026-02-17T16:24:58.729Z,DMP-1496,true,"[""Approved"",""Approved"",""In Review"",""In Review"",""Submitted"",""Submitted"",""Major revisions"",""Major revisions"",""In Review"",""In Review"",""Submitted"",""Submitted"",""Draft"",""Draft"",""Waiting for approval"",""Waiting for approval"",""Draft"",""Draft"",""Waiting for approval"",""Waiting for approval"",""Major revisions"",""Major revisions"",""In Review"",""In Review"",""Submitted"",""Submitted"",""Waiting for approval"",""Waiting for approval""]"
ERB-1502,2026-06-10T15:12:48.856Z,DMP-2726,true,"[""Approved"",""Approved"",""In Review"",""In Review"",""Submitted"",""Submitted"",""Waiting for approval"",""Waiting for approval""]"
ERB-1195,2026-04-23T09:12:11.033Z,DMP-2263,true,"[""Approved"",""Approved"",""In Review"",""In Review"",""Submitted"",""Submitted"",""Waiting for approval"",""Waiting for approval""]"
ERB-544,2025-12-01T10:35:11.245Z,DMP-1154,true,"[""Approved"",""Approved"",""In Review"",""In Review"",""Submitted"",""Submitted"",""Minor revisions"",""Minor revisions"",""In Review"",""In Review"",""Submitted"",""Submitted""]"
ERB-1376,2026-05-18T09:35:31.087Z,DMP-2365,true,"[""Approved"",""Approved"",""In Review"",""In Review"",""Submitted"",""Submitted"",""Waiting for approval"",""Waiting for approval""]"
ERB-642,2026-01-16T13:01:53.382Z,DMP-1315,true,"[""Approved"",""Approved"",""In Review"",""In Review"",""Submitted"",""Submitted"",""Draft"",""Draft"",""Waiting for approval"",""Waiting for approval""]"
ERB-1266,2026-05-02T09:50:50.920Z,DMP-2363,true,"[""Approved"",""Approved"",""In Review"",""In Review"",""Submitted"",""Submitted"",""Waiting for approval"",""Waiting for approval""]"
ERB-1273,2026-05-04T12:13:35.562Z,DMP-2374,true,"[""Approved"",""Approved"",""In Review"",""In Review"",""Submitted"",""Submitted"",""Waiting for approval"",""Waiting for approval"",""Draft"",""Draft"",""Retracted"",""Retracted"",""Draft"",""Draft"",""Waiting for approval"",""Waiting for approval""]"
ERB-1081,2026-04-02T17:17:24.336Z,DMP-2094,true,"[""Approved"",""Approved"",""In Review"",""In Review"",""Submitted"",""Submitted"",""Waiting for approval"",""Waiting for approval""]"
ERB-1080,2026-04-02T16:49:31.172Z,DMP-2093,true,"[""Approved"",""Approved"",""In Review"",""In Review"",""Submitted"",""Submitted"",""Waiting for approval"",""Waiting for approval""]"
ERB-1139,2026-04-15T15:09:34.618Z,DMP-2143,true,"[""Approved"",""Approved"",""In Review"",""In Review"",""Submitted"",""Submitted"",""Minor revisions"",""Minor revisions"",""In Review"",""In Review"",""Submitted"",""Submitted"",""Waiting for approval"",""Waiting for approval"",""Major revisions"",""Major revisions"",""In Review"",""In Review"",""Submitted"",""Submitted"",""Waiting for approval"",""Waiting for approval"",""Draft"",""Draft"",""Retracted"",""Retracted""]"
ERB-908,2026-03-17T09:28:39.532Z,DMP-1888,true,"[""Approved"",""Approved"",""In Review"",""In Review"",""Submitted"",""Submitted"",""Waiting for approval"",""Waiting for approval""]"
ERB-949,2026-03-19T11:33:26.736Z,DMP-1937,true,"[""Approved"",""Approved"",""In Review"",""In Review"",""Submitted"",""Submitted"",""Waiting for approval"",""Waiting for approval""]"
ERB-824,2026-03-09T09:58:37.900Z,DMP-1671,true,"[""Approved"",""Approved"",""In Review"",""In Review"",""Submitted"",""Submitted"",""Waiting for approval"",""Waiting for approval""]"
ERB-1340,2026-05-11T16:26:45.689Z,DMP-2282,false,"[""Waiting for approval"",""Waiting for approval""]"
ERB-1138,2026-04-15T14:55:30.958Z,DMP-2049,true,"[""Approved"",""Approved"",""In Review"",""In Review"",""Submitted"",""Submitted"",""Waiting for approval"",""Waiting for approval""]"
ERB-1306,2026-05-07T12:27:44.014Z,DMP-2383,true,"[""Approved"",""Approved"",""In Review"",""In Review"",""Submitted"",""Submitted"",""Waiting for approval"",""Waiting for approval""]"
ERB-891,2026-03-16T10:01:45.369Z,DMP-1824,true,"[""Approved"",""Approved"",""In Review"",""In Review"",""Submitted"",""Submitted"",""Waiting for approval"",""Waiting for approval""]"
ERB-929,2026-03-18T09:11:35.555Z,DMP-1889,true,"[""Approved"",""Approved"",""In Review"",""In Review"",""Submitted"",""Submitted"",""Waiting for approval"",""Waiting for approval""]"
ERB-835,2026-03-10T11:36:34.157Z,DMP-1695,true,"[""Approved"",""Approved"",""In Review"",""In Review"",""Submitted"",""Submitted"",""Waiting for approval"",""Waiting for approval"",""Major revisions"",""Major revisions"",""In Review"",""In Review"",""Submitted"",""Submitted"",""Waiting for approval"",""Waiting for approval"",""Draft"",""Draft"",""Waiting for approval"",""Waiting for approval""]"
ERB-1548,2026-06-29T14:35:53.643Z,DMP-2772,true,"[""Approved"",""Approved"",""In Review"",""In Review"",""Submitted"",""Submitted"",""Waiting for approval"",""Waiting for approval""]"
ERB-1246,2026-04-30T10:36:27.498Z,DMP-2329,true,"[""Approved"",""Approved"",""In Review"",""In Review"",""Submitted"",""Submitted"",""Waiting for approval"",""Waiting for approval""]"
ERB-1140,2026-04-15T15:12:51.956Z,DMP-2070,true,"[""Approved"",""Approved"",""In Review"",""In Review"",""Submitted"",""Submitted"",""Minor revisions"",""Minor revisions"",""In Review"",""In Review"",""Submitted"",""Submitted"",""Waiting for approval"",""Waiting for approval"",""Major revisions"",""Major revisions"",""In Review"",""In Review"",""Submitted"",""Submitted"",""Waiting for approval"",""Waiting for approval""]"
ERB-858,2026-03-12T13:48:26.633Z,DMP-1710,true,"[""Approved"",""Approved"",""In Review"",""In Review"",""Submitted"",""Submitted"",""Waiting for approval"",""Waiting for approval""]"
ERB-348,2025-09-15T09:09:15.359Z,DMP-687,true,"[""Approved"",""Approved"",""In Review"",""In Review"",""Submitted"",""Submitted"",""Minor revisions"",""Minor revisions"",""In Review"",""In Review"",""Submitted"",""Submitted"",""Minor revisions"",""Minor revisions"",""In Review"",""In Review"",""Submitted"",""Submitted"",""Draft"",""Draft"",""Inactive"",""Inactive"",""Minor revisions"",""Minor revisions"",""In Review"",""In Review"",""Submitted"",""Submitted"",""Minor revisions"",""Minor revisions"",""In Review"",""In Review"",""Submitted"",""Submitted""]"
ERB-1199,2026-04-23T13:23:16.918Z,DMP-2271,true,"[""Approved"",""Approved"",""In Review"",""In Review"",""Submitted"",""Submitted"",""Waiting for approval"",""Waiting for approval""]"
ERB-1233,2026-04-29T09:33:13.656Z,DMP-2299,true,"[""Approved"",""Approved"",""In Review"",""In Review"",""Submitted"",""Submitted"",""Waiting for approval"",""Waiting for approval""]"
ERB-587,2025-12-12T16:49:23.221Z,DMP-1254,true,"[""Approved"",""Approved"",""In Review"",""In Review"",""Submitted"",""Submitted"",""Major revisions"",""Major revisions"",""In Review"",""In Review"",""Submitted"",""Submitted"",""Minor revisions"",""Minor revisions"",""In Review"",""In Review"",""Submitted"",""Submitted""]"
ERB-1052,2026-03-30T11:12:28.446Z,DMP-1975,true,"[""Approved"",""Approved"",""In Review"",""In Review"",""Submitted"",""Submitted"",""Minor revisions"",""Minor revisions"",""In Review"",""In Review"",""Submitted"",""Submitted"",""Waiting for approval"",""Waiting for approval""]"
ERB-1107,2026-04-09T10:43:19.355Z,DMP-2105,true,"[""Approved"",""Approved"",""In Review"",""In Review"",""Submitted"",""Submitted"",""Waiting for approval"",""Waiting for approval""]"
ERB-863,2026-03-12T16:38:31.349Z,DMP-1830,true,"[""Approved"",""Approved"",""In Review"",""In Review"",""Submitted"",""Submitted"",""Waiting for approval"",""Waiting for approval""]"
ERB-1475,2026-06-02T10:32:47.887Z,DMP-2642,true,"[""Approved"",""Approved"",""In Review"",""In Review"",""Submitted"",""Submitted"",""Waiting for approval"",""Waiting for approval""]"
ERB-764,2026-02-26T17:36:19.640Z,DMP-1634,true,"[""Approved"",""Approved"",""In Review"",""In Review"",""Submitted"",""Submitted"",""Minor revisions"",""Minor revisions"",""In Review"",""In Review"",""Submitted"",""Submitted"",""Waiting for approval"",""Waiting for approval""]"
ERB-608,2025-12-19T15:40:36.257Z,DMP-1253,true,"[""Approved"",""Approved"",""In Review"",""In Review"",""Submitted"",""Submitted""]"
ERB-556,2025-12-03T10:13:47.239Z,DMP-1171,true,"[""Approved"",""Approved"",""In Review"",""In Review"",""Submitted"",""Submitted""]"
ERB-766,2026-02-27T10:25:15.301Z,DMP-1510,true,"[""Approved"",""Approved"",""In Review"",""In Review"",""Submitted"",""Submitted"",""Waiting for approval"",""Waiting for approval""]"
ERB-809,2026-03-06T09:21:22.732Z,DMP-1677,true,"[""Approved"",""Approved"",""In Review"",""In Review"",""Submitted"",""Submitted"",""Minor revisions"",""Minor revisions"",""In Review"",""In Review"",""Submitted"",""Submitted"",""Minor revisions"",""Minor revisions"",""In Review"",""In Review"",""Submitted"",""Submitted""]"
ERB-605,2025-12-19T12:21:39.300Z,DMP-1273,true,"[""Approved"",""Approved"",""In Review"",""In Review"",""Submitted"",""Submitted""]"
ERB-1441,2026-05-27T09:31:41.470Z,DMP-2558,true,"[""Approved"",""Approved"",""In Review"",""In Review"",""Submitted"",""Submitted"",""Waiting for approval"",""Waiting for approval""]"
ERB-1099,2026-04-08T15:53:36.041Z,DMP-2117,true,"[""Approved"",""Approved"",""In Review"",""In Review"",""Submitted"",""Submitted"",""Waiting for approval"",""Waiting for approval""]"
ERB-808,2026-03-06T08:39:06.366Z,DMP-1669,true,"[""Approved"",""Approved"",""In Review"",""In Review"",""Submitted"",""Submitted"",""Waiting for approval"",""Waiting for approval""]"
ERB-962,2026-03-20T10:25:28.021Z,DMP-1954,true,"[""Approved"",""Approved"",""In Review"",""In Review"",""Submitted"",""Submitted"",""Minor revisions"",""Minor revisions"",""In Review"",""In Review"",""Submitted"",""Submitted"",""Waiting for approval"",""Waiting for approval"",""Draft"",""Draft"",""Waiting for approval"",""Waiting for approval""]"
ERB-1388,2026-05-19T10:23:14.286Z,DMP-2504,true,"[""Approved"",""Approved"",""In Review"",""In Review"",""Submitted"",""Submitted"",""Waiting for approval"",""Waiting for approval"",""Draft"",""Draft"",""Waiting for approval"",""Waiting for approval""]"
ERB-410,2025-10-01T16:21:31.865Z,DMP-827,true,"[""Approved"",""Approved"",""In Review"",""In Review"",""Submitted"",""Submitted""]"
ERB-1136,2026-04-15T12:08:27.485Z,DMP-2186,true,"[""Approved"",""Approved"",""In Review"",""In Review"",""Submitted"",""Submitted"",""Waiting for approval"",""Waiting for approval"",""Draft"",""Draft"",""Waiting for approval"",""Waiting for approval""]"
ERB-1074,2026-04-02T01:27:07.445Z,DMP-2043,true,"[""Approved"",""Approved"",""In Review"",""In Review"",""Submitted"",""Submitted"",""Waiting for approval"",""Waiting for approval"",""Major revisions"",""Major revisions"",""In Review"",""In Review"",""Submitted"",""Submitted"",""Draft"",""Draft"",""Waiting for approval"",""Waiting for approval""]"
ERB-925,2026-03-17T18:40:53.398Z,DMP-1895,true,"[""Approved"",""Approved"",""In Review"",""In Review"",""Submitted"",""Submitted"",""Waiting for approval"",""Waiting for approval""]"
ERB-1473,2026-06-02T10:22:16.046Z,DMP-2516,true,"[""Approved"",""Approved"",""In Review"",""In Review"",""Submitted"",""Submitted"",""Minor revisions"",""Minor revisions"",""In Review"",""In Review"",""Submitted"",""Submitted"",""Minor revisions"",""Minor revisions"",""In Review"",""In Review"",""Submitted"",""Submitted"",""Draft"",""Draft"",""Retracted"",""Retracted"",""Submitted"",""Submitted""]"
ERB-601,2025-12-18T16:35:18.798Z,DMP-1294,true,"[""Approved"",""Approved"",""In Review"",""In Review"",""Submitted"",""Submitted"",""Waiting for approval"",""Waiting for approval""]"
ERB-831,2026-03-09T15:45:35.634Z,DMP-1326,true,"[""Approved"",""Approved"",""In Review"",""In Review"",""Submitted"",""Submitted"",""Major revisions"",""Major revisions"",""In Review"",""In Review"",""Submitted"",""Submitted""]"
ERB-812,2026-03-06T10:18:02.041Z,DMP-1723,true,"[""Approved"",""Approved"",""In Review"",""In Review"",""Submitted"",""Submitted"",""Waiting for approval"",""Waiting for approval"",""Draft"",""Draft"",""Waiting for approval"",""Waiting for approval"",""Draft"",""Draft"",""Waiting for approval"",""Waiting for approval""]"
ERB-659,2026-01-26T09:52:57.456Z,DMP-1396,true,"[""Approved"",""Approved"",""In Review"",""In Review"",""Submitted"",""Submitted""]"
ERB-1091,2026-04-07T18:11:09.706Z,DMP-2100,true,"[""Approved"",""Approved"",""In Review"",""In Review"",""Submitted"",""Submitted"",""Waiting for approval"",""Waiting for approval""]"
ERB-1335,2026-05-11T16:05:46.395Z,DMP-2341,true,"[""Approved"",""Approved"",""In Review"",""In Review"",""Submitted"",""Submitted"",""Waiting for approval"",""Waiting for approval""]"
ERB-837,2026-03-10T13:23:44.449Z,DMP-1767,true,"[""Approved"",""Approved"",""In Review"",""In Review"",""Submitted"",""Submitted"",""Waiting for approval"",""Waiting for approval""]"
ERB-1295,2026-05-06T17:07:37.316Z,DMP-2401,true,"[""Approved"",""Approved"",""In Review"",""In Review"",""Submitted"",""Submitted"",""Major revisions"",""Major revisions"",""In Review"",""In Review"",""Submitted"",""Submitted"",""Waiting for approval"",""Waiting for approval""]"
ERB-700,2026-02-06T14:11:38.279Z,DMP-1350,true,"[""Approved"",""Approved"",""In Review"",""In Review"",""Submitted"",""Submitted"",""Minor revisions"",""Minor revisions"",""In Review"",""In Review"",""Submitted"",""Submitted"",""Minor revisions"",""Minor revisions"",""In Review"",""In Review"",""Submitted"",""Submitted"",""Minor revisions"",""Minor revisions"",""In Review"",""In Review"",""Submitted"",""Submitted"",""Major revisions"",""Major revisions"",""In Review"",""In Review"",""Submitted"",""Submitted"",""Waiting for approval"",""Waiting for approval""]"
ERB-1024,2026-03-25T16:03:37.788Z,DMP-1863,true,"[""Approved"",""Approved"",""In Review"",""In Review"",""Submitted"",""Submitted"",""Waiting for approval"",""Waiting for approval""]"
ERB-1078,2026-04-02T14:44:48.266Z,DMP-2084,true,"[""Approved"",""Approved"",""Generating pre-registration"",""Generating pre-registration"",""Approved"",""Approved"",""In Review"",""In Review"",""Submitted"",""Submitted"",""Waiting for approval"",""Waiting for approval""]"
ERB-1342,2026-05-11T16:53:26.604Z,DMP-2462,false,"[""Submitted"",""Submitted"",""Waiting for approval"",""Waiting for approval"",""Major revisions"",""Major revisions"",""In Review"",""In Review"",""Submitted"",""Submitted"",""Waiting for approval"",""Waiting for approval"",""Draft"",""Draft"",""Waiting for approval"",""Waiting for approval""]"
ERB-737,2026-02-19T13:55:37.940Z,DMP-1572,true,"[""Approved"",""Approved"",""In Review"",""In Review"",""Submitted"",""Submitted"",""Major revisions"",""Major revisions"",""In Review"",""In Review"",""Submitted"",""Submitted"",""Minor revisions"",""Minor revisions"",""In Review"",""In Review"",""Submitted"",""Submitted"",""Waiting for approval"",""Waiting for approval"",""Draft"",""Draft"",""Waiting for approval"",""Waiting for approval""]"
ERB-1152,2026-04-16T11:23:13.428Z,DMP-2120,true,"[""Approved"",""Approved"",""In Review"",""In Review"",""Submitted"",""Submitted"",""Waiting for approval"",""Waiting for approval""]"
ERB-1307,2026-05-07T13:23:17.375Z,DMP-2420,true,"[""Approved"",""Approved"",""In Review"",""In Review"",""Submitted"",""Submitted"",""Waiting for approval"",""Waiting for approval""]"
ERB-767,2026-02-27T10:26:16.291Z,DMP-1639,true,"[""Approved"",""Approved"",""In Review"",""In Review"",""Submitted"",""Submitted"",""Waiting for approval"",""Waiting for approval"",""Draft"",""Draft"",""Waiting for approval"",""Waiting for approval"",""Draft"",""Draft"",""Waiting for approval"",""Waiting for approval""]"
ERB-598,2025-12-17T11:08:41.818Z,DMP-1283,true,"[""Approved"",""Approved"",""In Review"",""In Review"",""Submitted"",""Submitted"",""Minor revisions"",""Minor revisions"",""In Review"",""In Review"",""Submitted"",""Submitted"",""Minor revisions"",""Minor revisions"",""In Review"",""In Review"",""Submitted"",""Submitted""]"
ERB-870,2026-03-13T10:05:46.189Z,DMP-1784,true,"[""Approved"",""Approved"",""In Review"",""In Review"",""Submitted"",""Submitted"",""Waiting for approval"",""Waiting for approval""]"
ERB-856,2026-03-12T13:20:42.103Z,DMP-1693,true,"[""Approved"",""Approved"",""In Review"",""In Review"",""Submitted"",""Submitted"",""Waiting for approval"",""Waiting for approval""]"
ERB-1144,2026-04-15T15:19:24.675Z,DMP-2028,true,"[""Approved"",""Approved"",""In Review"",""In Review"",""Submitted"",""Submitted"",""Waiting for approval"",""Waiting for approval""]"
ERB-1398,2026-05-20T13:21:30.330Z,DMP-2466,true,"[""Approved"",""Approved"",""In Review"",""In Review"",""Submitted"",""Submitted"",""Waiting for approval"",""Waiting for approval""]"
ERB-1017,2026-03-25T14:48:26.074Z,DMP-1920,true,"[""Approved"",""Approved"",""In Review"",""In Review"",""Submitted"",""Submitted"",""Waiting for approval"",""Waiting for approval""]"
ERB-1222,2026-04-28T10:32:03.062Z,DMP-2273,true,"[""Approved"",""Approved"",""In Review"",""In Review"",""Submitted"",""Submitted"",""Waiting for approval"",""Waiting for approval""]"
ERB-718,2026-02-13T15:49:11.085Z,DMP-1479,true,"[""Approved"",""Approved"",""In Review"",""In Review"",""Submitted"",""Submitted"",""Waiting for approval"",""Waiting for approval""]"
ERB-1108,2026-04-09T10:51:29.138Z,DMP-1342,true,"[""Approved"",""Approved"",""In Review"",""In Review"",""Submitted"",""Submitted"",""Waiting for approval"",""Waiting for approval""]"
ERB-821,2026-03-06T15:09:02.121Z,DMP-1574,true,"[""Approved"",""Approved"",""In Review"",""In Review"",""Submitted"",""Submitted"",""Waiting for approval"",""Waiting for approval""]"
ERB-1008,2026-03-25T11:36:14.113Z,DMP-1970,true,"[""Approved"",""Approved"",""In Review"",""In Review"",""Submitted"",""Submitted"",""Waiting for approval"",""Waiting for approval""]"
ERB-1137,2026-04-15T13:51:54.601Z,DMP-2189,true,"[""Approved"",""Approved"",""In Review"",""In Review"",""Submitted"",""Submitted"",""Waiting for approval"",""Waiting for approval"",""Major revisions"",""Major revisions"",""In Review"",""In Review"",""Submitted"",""Submitted"",""Waiting for approval"",""Waiting for approval""]"
ERB-1206,2026-04-24T10:40:33.586Z,DMP-2281,true,"[""Approved"",""Approved"",""In Review"",""In Review"",""Submitted"",""Submitted"",""Waiting for approval"",""Waiting for approval""]"
ERB-768,2026-02-27T13:13:04.812Z,DMP-1578,true,"[""Approved"",""Approved"",""In Review"",""In Review"",""Submitted"",""Submitted"",""Waiting for approval"",""Waiting for approval""]"
ERB-1040,2026-03-27T14:05:47.927Z,DMP-2033,true,"[""Approved"",""Approved"",""In Review"",""In Review"",""Submitted"",""Submitted"",""Minor revisions"",""Minor revisions"",""In Review"",""In Review"",""Submitted"",""Submitted""]"
ERB-725,2026-02-17T13:12:08.456Z,DMP-1522,true,"[""Approved"",""Approved"",""In Review"",""In Review"",""Submitted"",""Submitted"",""Minor revisions"",""Minor revisions"",""In Review"",""In Review"",""Submitted"",""Submitted"",""Major revisions"",""Major revisions"",""In Review"",""In Review"",""Submitted"",""Submitted""]"
ERB-1219,2026-04-27T11:41:09.719Z,DMP-2289,true,"[""Approved"",""Approved"",""In Review"",""In Review"",""Submitted"",""Submitted"",""Waiting for approval"",""Waiting for approval""]"
ERB-496,2025-11-10T12:00:18.740Z,DMP-1024,true,"[""Approved"",""Approved"",""In Review"",""In Review"",""Submitted"",""Submitted""]"
ERB-1320,2026-05-08T14:28:30.311Z,DMP-2442,true,"[""Approved"",""Approved"",""In Review"",""In Review"",""Submitted"",""Submitted"",""Waiting for approval"",""Waiting for approval""]"
ERB-343,2025-09-11T11:30:29.581Z,DMP-707,true,"[""Approved"",""Approved"",""In Review"",""In Review"",""Submitted"",""Submitted"",""Minor revisions"",""Minor revisions"",""In Review"",""In Review"",""Submitted"",""Submitted"",""Minor revisions"",""Minor revisions"",""In Review"",""In Review"",""Submitted"",""Submitted""]"
ERB-828,2026-03-09T14:17:36.318Z,DMP-1505,true,"[""Approved"",""Approved"",""In Review"",""In Review"",""Submitted"",""Submitted"",""Waiting for approval"",""Waiting for approval""]"
ERB-1071,2026-04-01T17:50:56.158Z,DMP-2000,true,"[""Approved"",""Approved"",""In Review"",""In Review"",""Submitted"",""Submitted"",""Waiting for approval"",""Waiting for approval""]"
ERB-1192,2026-04-22T16:21:03.058Z,DMP-2231,true,"[""Approved"",""Approved"",""In Review"",""In Review"",""Submitted"",""Submitted"",""Waiting for approval"",""Waiting for approval""]"
ERB-1329,2026-05-11T11:37:45.885Z,DMP-2427,true,"[""Approved"",""Approved"",""In Review"",""In Review"",""Submitted"",""Submitted"",""Waiting for approval"",""Waiting for approval"",""Draft"",""Draft"",""Retracted"",""Retracted"",""In Review"",""In Review"",""Submitted"",""Submitted"",""Waiting for approval"",""Waiting for approval""]"
ERB-742,2026-02-20T13:18:09.082Z,DMP-1576,true,"[""Approved"",""Approved"",""In Review"",""In Review"",""Submitted"",""Submitted"",""Minor revisions"",""Minor revisions"",""In Review"",""In Review"",""Submitted"",""Submitted"",""Major revisions"",""Major revisions"",""In Review"",""In Review"",""Submitted"",""Submitted"",""Draft"",""Draft"",""Waiting for approval"",""Waiting for approval"",""Draft"",""Draft"",""Retracted"",""Retracted"",""Submitted"",""Submitted""]"
ERB-1574,2026-07-24T08:46:26.718Z,DMP-2874,true,"[""Approved"",""Approved"",""In Review"",""In Review"",""Submitted"",""Submitted"",""Waiting for approval"",""Waiting for approval""]"
ERB-1528,2026-06-18T09:45:22.421Z,DMP-2756,true,"[""Approved"",""Approved"",""In Review"",""In Review"",""Submitted"",""Submitted""]"
ERB-381,2025-09-24T16:29:57.107Z,DMP-754,true,"[""Approved"",""Approved"",""In Review"",""In Review"",""Submitted"",""Submitted""]"
ERB-1610,2026-08-26T16:29:17.871Z,DMP-2956,true,"[""Approved"",""In Review"",""Submitted"",""Waiting for approval""]"
ERB-1173,2026-04-20T15:40:13.990Z,DMP-2226,true,"[""Approved"",""Approved"",""In Review"",""In Review"",""Submitted"",""Submitted"",""Waiting for approval"",""Waiting for approval""]"
ERB-717,2026-02-13T15:47:56.109Z,DMP-1486,true,"[""Approved"",""Approved"",""In Review"",""In Review"",""Submitted"",""Submitted"",""Waiting for approval"",""Waiting for approval""]"
ERB-920,2026-03-17T15:59:32.820Z,DMP-1852,true,"[""Approved"",""Approved"",""In Review"",""In Review"",""Submitted"",""Submitted"",""Waiting for approval"",""Waiting for approval"",""Major revisions"",""Major revisions"",""In Review"",""In Review"",""Submitted"",""Submitted"",""Waiting for approval"",""Waiting for approval"",""Draft"",""Draft"",""Waiting for approval"",""Waiting for approval""]"
ERB-354,2025-09-17T11:33:50.751Z,DMP-732,true,"[""Approved"",""Approved"",""In Review"",""In Review"",""Submitted"",""Submitted""]"
ERB-702,2026-02-06T17:01:33.033Z,DMP-1497,true,"[""Approved"",""Approved"",""In Review"",""In Review"",""Submitted"",""Submitted"",""Minor revisions"",""Minor revisions"",""In Review"",""In Review"",""Submitted"",""Submitted"",""Waiting for approval"",""Waiting for approval"",""Draft"",""Draft"",""Waiting for approval"",""Waiting for approval""]"
ERB-1620,2026-08-31T14:42:09.185Z,DMP-2958,true,"[""Approved"",""In Review"",""Submitted"",""Waiting for approval""]"
ERB-849,2026-03-11T15:17:41.974Z,DMP-1811,true,"[""Approved"",""Approved"",""In Review"",""In Review"",""Submitted"",""Submitted"",""Waiting for approval"",""Waiting for approval""]"
ERB-1187,2026-04-22T14:08:11.949Z,DMP-2229,true,"[""Approved"",""Approved"",""In Review"",""In Review"",""Submitted"",""Submitted""]"
ERB-572,2025-12-09T12:12:42.745Z,DMP-981,true,"[""Approved"",""Approved"",""In Review"",""In Review"",""Submitted"",""Submitted""]"
ERB-754,2026-02-24T15:30:28.500Z,DMP-1222,true,"[""Approved"",""Approved"",""In Review"",""In Review"",""Submitted"",""Submitted"",""Waiting for approval"",""Waiting for approval"",""Draft"",""Draft"",""Waiting for approval"",""Waiting for approval""]"
ERB-1012,2026-03-25T13:41:25.240Z,DMP-1783,true,"[""Approved"",""Approved"",""In Review"",""In Review"",""Submitted"",""Submitted""]"
ERB-813,2026-03-06T11:00:13.950Z,DMP-1725,true,"[""Approved"",""Approved"",""In Review"",""In Review"",""Submitted"",""Submitted"",""Waiting for approval"",""Waiting for approval""]"
ERB-1209,2026-04-24T13:25:53.431Z,DMP-2116,true,"[""Approved"",""Approved"",""In Review"",""In Review"",""Submitted"",""Submitted"",""Waiting for approval"",""Waiting for approval""]"
ERB-1270,2026-05-03T14:21:41.425Z,DMP-2364,true,"[""Approved"",""Approved"",""In Review"",""In Review"",""Submitted"",""Submitted"",""Waiting for approval"",""Waiting for approval""]"
ERB-648,2026-01-20T12:00:46.058Z,DMP-1130,true,"[""Approved"",""Approved"",""In Review"",""In Review"",""Submitted"",""Submitted""]"
ERB-1027,2026-03-25T16:23:37.295Z,DMP-1979,true,"[""Approved"",""Approved"",""In Review"",""In Review"",""Submitted"",""Submitted"",""Waiting for approval"",""Waiting for approval"",""Draft"",""Draft"",""Waiting for approval"",""Waiting for approval""]"
ERB-1540,2026-06-23T16:54:33.105Z,DMP-2786,true,"[""Approved"",""Approved"",""In Review"",""In Review"",""Submitted"",""Submitted""]"
ERB-1176,2026-04-21T11:14:06.478Z,DMP-2233,true,"[""Approved"",""Approved"",""In Review"",""In Review"",""Submitted"",""Submitted"",""Waiting for approval"",""Waiting for approval""]"
ERB-734,2026-02-18T14:02:42.159Z,DMP-1533,true,"[""Approved"",""Approved"",""In Review"",""In Review"",""Submitted"",""Submitted""]"
ERB-790,2026-03-04T17:23:50.820Z,DMP-1600,true,"[""Approved"",""Approved"",""In Review"",""In Review"",""Submitted"",""Submitted"",""Waiting for approval"",""Waiting for approval""]"
ERB-971,2026-03-20T14:29:46.627Z,DMP-1968,true,"[""Approved"",""Approved"",""In Review"",""In Review"",""Submitted"",""Submitted"",""Major revisions"",""Major revisions"",""In Review"",""In Review"",""Submitted"",""Submitted""]"
ERB-958,2026-03-20T09:29:40.684Z,DMP-1938,true,"[""Approved"",""Approved"",""In Review"",""In Review"",""Submitted"",""Submitted""]"
ERB-641,2026-01-16T11:24:31.537Z,DMP-1366,true,"[""Approved"",""Approved"",""In Review"",""In Review"",""Submitted"",""Submitted""]"
ERB-1512,2026-06-12T10:46:14.451Z,DMP-2725,true,"[""Approved"",""Approved"",""In Review"",""In Review"",""Submitted"",""Submitted"",""Minor revisions"",""Minor revisions"",""In Review"",""In Review"",""Submitted"",""Submitted""]"
ERB-1087,2026-04-07T09:26:12.190Z,DMP-2107,true,"[""Approved"",""Approved"",""In Review"",""In Review"",""Submitted"",""Submitted"",""Waiting for approval"",""Waiting for approval""]"
ERB-1062,2026-03-31T01:52:37.869Z,DMP-1798,true,"[""Approved"",""Approved"",""In Review"",""In Review"",""Submitted"",""Submitted"",""Waiting for approval"",""Waiting for approval""]"
ERB-1377,2026-05-18T14:29:48.431Z,DMP-2218,true,"[""Approved"",""Approved"",""In Review"",""In Review"",""Submitted"",""Submitted"",""Waiting for approval"",""Waiting for approval""]"
ERB-944,2026-03-18T22:21:26.682Z,DMP-1933,true,"[""Approved"",""Approved"",""In Review"",""In Review"",""Submitted"",""Submitted"",""Waiting for approval"",""Waiting for approval""]"
ERB-477,2025-10-30T15:51:24.774Z,DMP-929,true,"[""Approved"",""Approved"",""In Review"",""In Review"",""Submitted"",""Submitted"",""Major revisions"",""Major revisions"",""In Review"",""In Review"",""Submitted"",""Submitted""]"
ERB-801,2026-03-05T11:04:08.749Z,DMP-1571,true,"[""Approved"",""Approved"",""In Review"",""In Review"",""Submitted"",""Submitted""]"
ERB-1141,2026-04-15T15:14:05.354Z,DMP-2149,true,"[""Approved"",""Approved"",""In Review"",""In Review"",""Submitted"",""Submitted"",""Waiting for approval"",""Waiting for approval""]"
ERB-975,2026-03-21T15:16:27.683Z,DMP-1974,true,"[""Approved"",""Approved"",""In Review"",""In Review"",""Submitted"",""Submitted"",""Waiting for approval"",""Waiting for approval"",""Draft"",""Draft"",""Retracted"",""Retracted"",""Draft"",""Draft"",""Retracted"",""Retracted""]"
ERB-1508,2026-06-11T13:17:14.683Z,DMP-2718,true,"[""Approved"",""Approved"",""In Review"",""In Review"",""Submitted"",""Submitted"",""Minor revisions"",""Minor revisions"",""In Review"",""In Review"",""Submitted"",""Submitted"",""Major revisions"",""Major revisions"",""In Review"",""In Review"",""Submitted"",""Submitted""]"
ERB-356,2025-09-17T17:28:50.771Z,DMP-644,true,"[""Approved"",""Approved"",""In Review"",""In Review"",""Submitted"",""Submitted"",""Minor revisions"",""Minor revisions"",""In Review"",""In Review"",""Submitted"",""Submitted""]"
ERB-422,2025-10-06T14:39:42.764Z,DMP-858,true,"[""Approved"",""Approved"",""In Review"",""In Review"",""Submitted"",""Submitted""]"
ERB-1097,2026-04-08T15:31:58.001Z,DMP-1801,true,"[""Approved"",""Approved"",""In Review"",""In Review"",""Submitted"",""Submitted"",""Waiting for approval"",""Waiting for approval"",""Draft"",""Draft"",""Waiting for approval"",""Waiting for approval""]"
ERB-369,2025-09-23T13:18:01.296Z,DMP-739,true,"[""Approved"",""Approved"",""In Review"",""In Review"",""Submitted"",""Submitted"",""Minor revisions"",""Minor revisions"",""In Review"",""In Review"",""Submitted"",""Submitted""]"
ERB-337,2025-09-09T15:22:36.019Z,DMP-692,true,"[""Approved"",""Approved"",""In Review"",""In Review"",""Submitted"",""Submitted""]"
ERB-486,2025-11-04T20:32:48.288Z,DMP-920,true,"[""Approved"",""Approved"",""In Review"",""In Review"",""Submitted"",""Submitted"",""Minor revisions"",""Minor revisions"",""In Review"",""In Review"",""Submitted"",""Submitted""]"
ERB-1362,2026-05-13T17:05:33.547Z,DMP-2407,true,"[""Approved"",""Approved"",""In Review"",""In Review"",""Submitted"",""Submitted""]"
ERB-1188,2026-04-22T14:24:13.930Z,DMP-2227,true,"[""Approved"",""Approved"",""In Review"",""In Review"",""Submitted"",""Submitted"",""Waiting for approval"",""Waiting for approval""]"
ERB-959,2026-03-20T09:33:49.230Z,DMP-1913,true,"[""Approved"",""Approved"",""In Review"",""In Review"",""Submitted"",""Submitted"",""Waiting for approval"",""Waiting for approval""]"
ERB-560,2025-12-03T15:10:33.130Z,DMP-1191,true,"[""Approved"",""Approved"",""In Review"",""In Review"",""Submitted"",""Submitted""]"
ERB-938,2026-03-18T17:53:57.587Z,DMP-1929,true,"[""Approved"",""Approved"",""In Review"",""In Review"",""Submitted"",""Submitted"",""Minor revisions"",""Minor revisions"",""In Review"",""In Review"",""Submitted"",""Submitted""]"
ERB-1065,2026-03-31T12:55:48.730Z,DMP-1682,true,"[""Approved"",""Approved"",""In Review"",""In Review"",""Submitted"",""Submitted"",""Waiting for approval"",""Waiting for approval""]"
ERB-1339,2026-05-11T16:22:04.313Z,DMP-2119,false,"[""Retracted"",""Retracted"",""Minor revisions"",""Minor revisions"",""In Review"",""In Review"",""Submitted"",""Submitted""]"
ERB-911,2026-03-17T11:23:22.706Z,DMP-1886,true,"[""Approved"",""Approved"",""In Review"",""In Review"",""Submitted"",""Submitted"",""Waiting for approval"",""Waiting for approval""]"
ERB-519,2025-11-18T11:53:06.163Z,DMP-1028,true,"[""Approved"",""Approved"",""In Review"",""In Review"",""Submitted"",""Submitted"",""Minor revisions"",""Minor revisions"",""In Review"",""In Review"",""Submitted"",""Submitted"",""Draft"",""Draft"",""Retracted"",""Retracted"",""Submitted"",""Submitted""]"
ERB-470,2025-10-27T16:49:45.000Z,DMP-912,true,"[""Approved"",""Approved"",""In Review"",""In Review"",""Submitted"",""Submitted""]"
ERB-1363,2026-05-14T11:01:29.390Z,DMP-2471,true,"[""Approved"",""Approved"",""In Review"",""In Review"",""Submitted"",""Submitted"",""Waiting for approval"",""Waiting for approval""]"
ERB-651,2026-01-23T14:53:14.202Z,DMP-1353,true,"[""Approved"",""Approved"",""In Review"",""In Review"",""Submitted"",""Submitted"",""Major revisions"",""Major revisions"",""In Review"",""In Review"",""Submitted"",""Submitted""]"
ERB-788,2026-03-04T16:09:16.917Z,DMP-1658,true,"[""Approved"",""Approved"",""In Review"",""In Review"",""Submitted"",""Submitted"",""Waiting for approval"",""Waiting for approval"",""Draft"",""Draft"",""Waiting for approval"",""Waiting for approval""]"
ERB-932,2026-03-18T09:51:05.788Z,DMP-1860,true,"[""Approved"",""Approved"",""Generating pre-registration"",""Generating pre-registration"",""Approved"",""Approved"",""In Review"",""In Review"",""Submitted"",""Submitted"",""Waiting for approval"",""Waiting for approval""]"
ERB-420,2025-10-06T12:51:44.510Z,DMP-786,true,"[""Approved"",""Approved"",""In Review"",""In Review"",""Submitted"",""Submitted"",""Minor revisions"",""Minor revisions"",""In Review"",""In Review"",""Submitted"",""Submitted""]"
ERB-758,2026-02-25T13:05:05.216Z,DMP-1493,true,"[""Approved"",""Approved"",""In Review"",""In Review"",""Submitted"",""Submitted"",""Waiting for approval"",""Waiting for approval""]"
ERB-1317,2026-05-08T12:18:51.986Z,DMP-2446,true,"[""Approved"",""Approved"",""In Review"",""In Review"",""Submitted"",""Submitted"",""Waiting for approval"",""Waiting for approval""]"
ERB-1539,2026-06-23T16:05:35.800Z,DMP-2584,true,"[""Approved"",""Approved"",""In Review"",""In Review"",""Submitted"",""Submitted"",""Waiting for approval"",""Waiting for approval""]"
ERB-827,2026-03-09T13:08:36.230Z,DMP-1751,true,"[""Approved"",""Approved"",""In Review"",""In Review"",""Submitted"",""Submitted"",""Waiting for approval"",""Waiting for approval""]"
ERB-1429,2026-05-26T10:51:17.659Z,DMP-2549,true,"[""Approved"",""Approved"",""In Review"",""In Review"",""Submitted"",""Submitted"",""Waiting for approval"",""Waiting for approval""]"
ERB-998,2026-03-24T16:30:11.053Z,DMP-1701,true,"[""Approved"",""Approved"",""In Review"",""In Review"",""Submitted"",""Submitted"",""Minor revisions"",""Minor revisions"",""In Review"",""In Review"",""Submitted"",""Submitted"",""Waiting for approval"",""Waiting for approval""]"
ERB-687,2026-02-04T10:16:33.112Z,DMP-1450,true,"[""Approved"",""Approved"",""In Review"",""In Review"",""Submitted"",""Submitted"",""Waiting for approval"",""Waiting for approval""]"
ERB-953,2026-03-19T16:21:56.224Z,DMP-1820,true,"[""Approved"",""Approved"",""In Review"",""In Review"",""Submitted"",""Submitted"",""Waiting for approval"",""Waiting for approval"",""Draft"",""Draft"",""Retracted"",""Retracted"",""Submitted"",""Submitted"",""Waiting for approval"",""Waiting for approval""]"
ERB-1400,2026-05-20T18:10:44.668Z,DMP-2470,true,"[""Approved"",""Approved"",""In Review"",""In Review"",""Submitted"",""Submitted"",""Waiting for approval"",""Waiting for approval""]"
ERB-948,2026-03-19T11:20:29.809Z,DMP-1858,true,"[""Approved"",""Approved"",""In Review"",""In Review"",""Submitted"",""Submitted"",""Waiting for approval"",""Waiting for approval""]"
ERB-423,2025-10-06T14:45:25.387Z,DMP-862,true,"[""Approved"",""Approved"",""In Review"",""In Review"",""Submitted"",""Submitted""]"
ERB-1506,2026-06-10T19:01:54.653Z,DMP-2633,true,"[""Approved"",""Approved"",""In Review"",""In Review"",""Submitted"",""Submitted"",""Waiting for approval"",""Waiting for approval""]"
ERB-686,2026-02-03T15:35:58.803Z,DMP-1472,true,"[""Approved"",""Approved"",""In Review"",""In Review"",""Submitted"",""Submitted"",""Draft"",""Draft"",""Waiting for approval"",""Waiting for approval"",""Major revisions"",""Major revisions"",""In Review"",""In Review"",""Submitted"",""Submitted"",""Waiting for approval"",""Waiting for approval""]"
ERB-1416,2026-05-22T13:26:43.332Z,DMP-1708,true,"[""Approved"",""Approved"",""In Review"",""In Review"",""Submitted"",""Submitted"",""Waiting for approval"",""Waiting for approval""]"
ERB-993,2026-03-24T11:37:42.260Z,DMP-1760,true,"[""Approved"",""Approved"",""In Review"",""In Review"",""Submitted"",""Submitted"",""Minor revisions"",""Minor revisions"",""In Review"",""In Review"",""Submitted"",""Submitted"",""Waiting for approval"",""Waiting for approval""]"
ERB-481,2025-11-03T11:22:36.926Z,DMP-939,true,"[""Approved"",""Approved"",""Conditional approval"",""Conditional approval"",""In Review"",""In Review"",""Submitted"",""Submitted""]"
ERB-1142,2026-04-15T15:15:37.413Z,DMP-2055,true,"[""Approved"",""Approved"",""In Review"",""In Review"",""Submitted"",""Submitted"",""Waiting for approval"",""Waiting for approval""]"
ERB-1013,2026-03-25T13:49:16.111Z,DMP-1861,true,"[""Approved"",""Approved"",""In Review"",""In Review"",""Submitted"",""Submitted"",""Waiting for approval"",""Waiting for approval"",""Draft"",""Draft"",""Waiting for approval"",""Waiting for approval""]"
ERB-476,2025-10-29T16:06:48.685Z,DMP-978,true,"[""Approved"",""Approved"",""In Review"",""In Review"",""Submitted"",""Submitted""]"
ERB-720,2026-02-14T10:18:56.084Z,DMP-1548,true,"[""Approved"",""Approved"",""In Review"",""In Review"",""Submitted"",""Submitted"",""Waiting for approval"",""Waiting for approval""]"
ERB-625,2026-01-08T13:39:11.939Z,DMP-1338,true,"[""Approved"",""Approved"",""In Review"",""In Review"",""Submitted"",""Submitted""]"
ERB-810,2026-03-06T09:29:04.665Z,DMP-1718,true,"[""Approved"",""Approved"",""In Review"",""In Review"",""Submitted"",""Submitted"",""Waiting for approval"",""Waiting for approval""]"
ERB-436,2025-10-10T09:46:45.107Z,DMP-863,true,"[""Approved"",""Approved"",""In Review"",""In Review"",""Submitted"",""Submitted""]"
ERB-1481,2026-06-04T12:49:32.126Z,DMP-2686,true,"[""Approved"",""Approved"",""In Review"",""In Review"",""Submitted"",""Submitted"",""Waiting for approval"",""Waiting for approval""]"
ERB-390,2025-09-28T22:45:05.330Z,DMP-753,true,"[""Approved"",""Approved"",""In Review"",""In Review"",""Submitted"",""Submitted""]"
ERB-1443,2026-05-27T09:34:45.650Z,DMP-2562,true,"[""Approved"",""Approved"",""In Review"",""In Review"",""Submitted"",""Submitted"",""Waiting for approval"",""Waiting for approval""]"
ERB-1426,2026-05-26T09:06:57.390Z,DMP-2576,true,"[""Approved"",""Approved"",""In Review"",""In Review"",""Submitted"",""Submitted"",""Waiting for approval"",""Waiting for approval""]"
ERB-577,2025-12-10T15:18:37.066Z,DMP-1235,true,"[""Approved"",""Approved"",""In Review"",""In Review"",""Submitted"",""Submitted""]"
ERB-514,2025-11-17T16:00:47.905Z,DMP-1020,true,"[""Approved"",""Approved"",""In Review"",""In Review"",""Submitted"",""Submitted""]"
ERB-1133,2026-04-15T10:19:08.818Z,DMP-2147,true,"[""Approved"",""Approved"",""In Review"",""In Review"",""Submitted"",""Submitted"",""Waiting for approval"",""Waiting for approval""]"
ERB-1217,2026-04-27T00:16:30.137Z,DMP-2296,true,"[""Approved"",""Approved"",""In Review"",""In Review"",""Submitted"",""Submitted"",""Waiting for approval"",""Waiting for approval"",""Draft"",""Draft"",""Waiting for approval"",""Waiting for approval""]"
ERB-972,2026-03-20T15:36:51.538Z,DMP-1931,true,"[""Approved"",""Approved"",""Conditional approval"",""Conditional approval"",""In Review"",""In Review"",""Submitted"",""Submitted"",""Waiting for approval"",""Waiting for approval""]"
ERB-634,2026-01-12T12:54:00.263Z,DMP-1348,true,"[""Approved"",""Approved"",""In Review"",""In Review"",""Submitted"",""Submitted""]"
ERB-1375,2026-05-18T09:26:10.205Z,DMP-2480,true,"[""Approved"",""Approved"",""In Review"",""In Review"",""Submitted"",""Submitted""]"
ERB-1488,2026-06-05T15:50:53.865Z,DMP-2674,true,"[""Approved"",""Approved"",""In Review"",""In Review"",""Submitted"",""Submitted"",""Waiting for approval"",""Waiting for approval""]"
ERB-841,2026-03-10T15:01:02.662Z,DMP-1762,true,"[""Approved"",""Approved"",""In Review"",""In Review"",""Submitted"",""Submitted"",""Minor revisions"",""Minor revisions"",""In Review"",""In Review"",""Submitted"",""Submitted""]"
ERB-480,2025-11-03T11:08:54.354Z,DMP-702,true,"[""Approved"",""Approved"",""Conditional approval"",""Conditional approval"",""In Review"",""In Review"",""Submitted"",""Submitted""]"
ERB-1243,2026-04-30T09:52:09.900Z,DMP-2328,true,"[""Approved"",""Approved"",""In Review"",""In Review"",""Submitted"",""Submitted"",""Waiting for approval"",""Waiting for approval""]"
ERB-845,2026-03-11T10:09:08.797Z,DMP-1650,true,"[""Approved"",""Approved"",""In Review"",""In Review"",""Submitted"",""Submitted""]"
ERB-1117,2026-04-10T15:12:40.370Z,DMP-2151,true,"[""Approved"",""Approved"",""In Review"",""In Review"",""Submitted"",""Submitted"",""Waiting for approval"",""Waiting for approval"",""Draft"",""Draft"",""Waiting for approval"",""Waiting for approval""]"
ERB-1296,2026-05-06T17:10:14.642Z,DMP-2409,true,"[""Approved"",""Approved"",""In Review"",""In Review"",""Submitted"",""Submitted"",""Waiting for approval"",""Waiting for approval"",""Draft"",""Draft"",""Retracted"",""Retracted"",""Draft"",""Draft"",""Waiting for approval"",""Waiting for approval""]"
ERB-1002,2026-03-25T09:17:40.385Z,DMP-1570,true,"[""Approved"",""Approved"",""In Review"",""In Review"",""Submitted"",""Submitted"",""Waiting for approval"",""Waiting for approval""]"
ERB-1180,2026-04-21T21:31:48.251Z,DMP-2247,false,[]
ERB-1514,2026-06-15T09:50:41.835Z,DMP-2709,true,"[""Approved"",""Approved"",""In Review"",""In Review"",""Submitted"",""Submitted""]"
ERB-1221,2026-04-28T10:27:52.679Z,DMP-2272,true,"[""Approved"",""Approved"",""In Review"",""In Review"",""Submitted"",""Submitted"",""Waiting for approval"",""Waiting for approval""]"
ERB-1162,2026-04-17T14:06:13.262Z,DMP-2097,true,"[""Approved"",""Approved"",""In Review"",""In Review"",""Submitted"",""Submitted"",""Waiting for approval"",""Waiting for approval""]"
ERB-1409,2026-05-22T11:24:27.923Z,DMP-2570,true,"[""Approved"",""Approved"",""In Review"",""In Review"",""Submitted"",""Submitted"",""Waiting for approval"",""Waiting for approval"",""Draft"",""Draft"",""Waiting for approval"",""Waiting for approval""]"
ERB-1134,2026-04-15T11:24:55.244Z,DMP-1940,true,"[""Approved"",""Approved"",""In Review"",""In Review"",""Submitted"",""Submitted"",""Major revisions"",""Major revisions"",""In Review"",""In Review"",""Submitted"",""Submitted""]"
ERB-520,2025-11-18T14:07:44.701Z,DMP-1034,true,"[""Approved"",""Approved"",""In Review"",""In Review"",""Submitted"",""Submitted"",""Minor revisions"",""Minor revisions"",""In Review"",""In Review"",""Submitted"",""Submitted""]"
ERB-937,2026-03-18T16:08:26.160Z,DMP-1926,true,"[""Approved"",""Approved"",""In Review"",""In Review"",""Submitted"",""Submitted"",""Waiting for approval"",""Waiting for approval""]"
ERB-1570,2026-07-16T12:01:41.247Z,DMP-1625,false,"[""Major revisions"",""Major revisions"",""In Review"",""In Review"",""Submitted"",""Submitted"",""Minor revisions"",""Minor revisions"",""In Review"",""In Review"",""Submitted"",""Submitted""]"
ERB-774,2026-03-02T11:31:49.798Z,DMP-1597,true,"[""Approved"",""Approved"",""In Review"",""In Review"",""Submitted"",""Submitted"",""Waiting for approval"",""Waiting for approval""]"
ERB-1126,2026-04-14T12:16:27.609Z,DMP-2173,true,"[""Approved"",""Approved"",""In Review"",""In Review"",""Submitted"",""Submitted"",""Waiting for approval"",""Waiting for approval""]"
ERB-433,2025-10-08T18:30:30.834Z,DMP-881,true,"[""Approved"",""Approved"",""In Review"",""In Review"",""Submitted"",""Submitted"",""Draft"",""Draft"",""Retracted"",""Retracted"",""Submitted"",""Submitted"",""Draft"",""Draft"",""Retracted"",""Retracted"",""Draft"",""Draft"",""Retracted"",""Retracted"",""Submitted"",""Submitted""]"
ERB-1036,2026-03-27T09:12:19.060Z,DMP-2030,true,"[""Approved"",""Approved"",""Conditional approval"",""Conditional approval"",""In Review"",""In Review"",""Submitted"",""Submitted"",""Waiting for approval"",""Waiting for approval"",""Draft"",""Draft"",""Waiting for approval"",""Waiting for approval"",""Draft"",""Draft"",""Waiting for approval"",""Waiting for approval""]"
ERB-474,2025-10-29T15:44:40.724Z,DMP-994,true,"[""Approved"",""Approved"",""In Review"",""In Review"",""Submitted"",""Submitted"",""Minor revisions"",""Minor revisions"",""In Review"",""In Review"",""Submitted"",""Submitted""]"
ERB-1083,2026-04-03T11:07:25.061Z,DMP-2077,true,"[""Approved"",""Approved"",""In Review"",""In Review"",""Submitted"",""Submitted"",""Waiting for approval"",""Waiting for approval""]"
ERB-883,2026-03-13T14:50:55.724Z,DMP-1837,true,"[""Approved"",""Approved"",""In Review"",""In Review"",""Submitted"",""Submitted"",""Major revisions"",""Major revisions"",""In Review"",""In Review"",""Submitted"",""Submitted"",""Draft"",""Draft"",""Retracted"",""Retracted"",""Submitted"",""Submitted""]"
ERB-921,2026-03-17T15:59:42.613Z,DMP-1834,true,"[""Approved"",""Approved"",""In Review"",""In Review"",""Submitted"",""Submitted"",""Waiting for approval"",""Waiting for approval"",""Draft"",""Draft"",""Waiting for approval"",""Waiting for approval"",""Draft"",""Draft"",""Retracted"",""Retracted"",""Draft"",""Draft"",""Retracted"",""Retracted"",""Draft"",""Draft"",""Waiting for approval"",""Waiting for approval""]"
ERB-661,2026-01-26T15:51:57.657Z,DMP-1352,true,"[""Approved"",""Approved"",""In Review"",""In Review"",""Submitted"",""Submitted""]"
ERB-1507,2026-06-11T11:26:50.257Z,DMP-2154,true,"[""Approved"",""Approved"",""In Review"",""In Review"",""Submitted"",""Submitted""]"
ERB-425,2025-10-07T10:18:13.779Z,DMP-861,true,"[""Approved"",""Approved"",""In Review"",""In Review"",""Submitted"",""Submitted""]"
ERB-1525,2026-06-17T15:43:50.143Z,DMP-2749,true,"[""Approved"",""Approved"",""In Review"",""In Review"",""Submitted"",""Submitted"",""Waiting for approval"",""Waiting for approval""]"
ERB-460,2025-10-22T12:54:44.413Z,DMP-936,true,"[""Approved"",""Approved"",""In Review"",""In Review"",""Submitted"",""Submitted"",""Minor revisions"",""Minor revisions"",""In Review"",""In Review"",""Submitted"",""Submitted"",""Minor revisions"",""Minor revisions"",""In Review"",""In Review"",""Submitted"",""Submitted""]"
ERB-1446,2026-05-27T17:13:03.082Z,DMP-2607,true,"[""Approved"",""Approved"",""In Review"",""In Review"",""Submitted"",""Submitted"",""Waiting for approval"",""Waiting for approval""]"
ERB-1477,2026-06-02T14:53:10.311Z,DMP-2664,true,"[""Approved"",""Approved"",""In Review"",""In Review"",""Submitted"",""Submitted"",""Waiting for approval"",""Waiting for approval""]"
ERB-1451,2026-05-28T15:04:05.502Z,DMP-2618,true,"[""Approved"",""Approved"",""In Review"",""In Review"",""Submitted"",""Submitted"",""Waiting for approval"",""Waiting for approval"",""Draft"",""Draft"",""Waiting for approval"",""Waiting for approval""]"
ERB-1154,2026-04-16T12:49:03.798Z,DMP-1921,true,"[""Approved"",""Approved"",""In Review"",""In Review"",""Submitted"",""Submitted"",""Waiting for approval"",""Waiting for approval""]"
ERB-1532,2026-06-22T13:57:26.300Z,DMP-2200,true,"[""Approved"",""Approved"",""In Review"",""In Review"",""Submitted"",""Submitted""]"
ERB-1116,2026-04-10T14:08:14.896Z,DMP-1980,true,"[""Approved"",""Approved"",""In Review"",""In Review"",""Submitted"",""Submitted"",""Minor revisions"",""Minor revisions"",""In Review"",""In Review"",""Submitted"",""Submitted""]"
ERB-1131,2026-04-14T16:10:39.472Z,DMP-2179,true,"[""Approved"",""Approved"",""In Review"",""In Review"",""Submitted"",""Submitted"",""Waiting for approval"",""Waiting for approval""]"
ERB-905,2026-03-16T16:58:49.910Z,DMP-793,true,"[""Approved"",""Approved"",""In Review"",""In Review"",""Submitted"",""Submitted"",""Waiting for approval"",""Waiting for approval""]"
ERB-991,2026-03-24T09:30:40.454Z,DMP-1731,true,"[""Approved"",""Approved"",""In Review"",""In Review"",""Submitted"",""Submitted"",""Waiting for approval"",""Waiting for approval""]"
ERB-1582,2026-08-03T14:40:27.381Z,DMP-1368,false,"[""Submitted"",""Minor revisions"",""In Review"",""Submitted"",""Submitted"",""Minor revisions"",""Minor revisions"",""In Review"",""In Review"",""Submitted"",""Submitted"",""Major revisions"",""Major revisions"",""In Review"",""In Review"",""Submitted"",""Submitted""]"
ERB-750,2026-02-24T10:42:19.745Z,DMP-1590,true,"[""Approved"",""Approved"",""In Review"",""In Review"",""Submitted"",""Submitted"",""Waiting for approval"",""Waiting for approval"",""Draft"",""Draft"",""Retracted"",""Retracted""]"
ERB-1513,2026-06-12T15:34:09.440Z,DMP-2729,true,"[""Approved"",""Approved"",""In Review"",""In Review"",""Submitted"",""Submitted"",""Minor revisions"",""Minor revisions"",""In Review"",""In Review"",""Submitted"",""Submitted""]"
ERB-365,2025-09-22T19:35:47.281Z,DMP-761,true,"[""Approved"",""Approved"",""In Review"",""In Review"",""Submitted"",""Submitted"",""Major revisions"",""Major revisions"",""In Review"",""In Review"",""Submitted"",""Submitted""]"
ERB-430,2025-10-08T11:23:31.956Z,DMP-850,true,"[""Approved"",""Approved"",""In Review"",""In Review"",""Submitted"",""Submitted"",""Draft"",""Draft"",""Retracted"",""Retracted""]"
ERB-391,2025-09-29T09:16:52.485Z,DMP-792,true,"[""Approved"",""Approved"",""In Review"",""In Review"",""Submitted"",""Submitted""]"
ERB-551,2025-12-02T13:15:56.540Z,DMP-1141,true,"[""Approved"",""Approved"",""In Review"",""In Review"",""Submitted"",""Submitted"",""Minor revisions"",""Minor revisions"",""In Review"",""In Review"",""Submitted"",""Submitted""]"
ERB-1174,2026-04-20T16:00:38.993Z,DMP-2230,true,"[""Approved"",""Approved"",""In Review"",""In Review"",""Submitted"",""Submitted"",""Waiting for approval"",""Waiting for approval""]"
ERB-1275,2026-05-04T13:28:45.664Z,DMP-2377,true,"[""Approved"",""Approved"",""In Review"",""In Review"",""Submitted"",""Submitted"",""Waiting for approval"",""Waiting for approval""]"
ERB-518,2025-11-18T10:55:43.309Z,DMP-1052,true,"[""Approved"",""Approved"",""In Review"",""In Review"",""Submitted"",""Submitted""]"
ERB-1524,2026-06-17T15:13:18.985Z,DMP-2747,true,"[""Approved"",""Approved"",""Generating pre-registration"",""Generating pre-registration"",""Approved"",""Approved"",""In Review"",""In Review"",""Submitted"",""Submitted"",""Minor revisions"",""Minor revisions"",""In Review"",""In Review"",""Submitted"",""Submitted"",""Major revisions"",""Major revisions"",""In Review"",""In Review"",""Submitted"",""Submitted""]"
ERB-1351,2026-05-12T16:16:31.604Z,DMP-2488,true,"[""Approved"",""Approved"",""In Review"",""In Review"",""Submitted"",""Submitted"",""Waiting for approval"",""Waiting for approval"",""Draft"",""Draft"",""Waiting for approval"",""Waiting for approval""]"
ERB-662,2026-01-26T17:21:01.141Z,DMP-1423,true,"[""Approved"",""Approved"",""In Review"",""In Review"",""Submitted"",""Submitted""]"
ERB-1156,2026-04-16T14:25:46.368Z,DMP-2182,true,"[""Approved"",""Approved"",""In Review"",""In Review"",""Submitted"",""Submitted"",""Waiting for approval"",""Waiting for approval""]"
ERB-823,2026-03-09T09:22:08.632Z,DMP-1706,true,"[""Approved"",""Approved"",""In Review"",""In Review"",""Submitted"",""Submitted"",""Waiting for approval"",""Waiting for approval"",""Draft"",""Draft"",""Waiting for approval"",""Waiting for approval""]"
ERB-940,2026-03-18T18:06:26.960Z,DMP-1789,true,"[""Approved"",""Approved"",""In Review"",""In Review"",""Submitted"",""Submitted"",""Waiting for approval"",""Waiting for approval""]"
ERB-581,2025-12-11T11:02:40.912Z,DMP-1098,true,"[""Approved"",""Approved"",""In Review"",""In Review"",""Submitted"",""Submitted"",""Waiting for approval"",""Waiting for approval""]"
ERB-1372,2026-05-18T08:52:42.002Z,DMP-2316,false,"[""In Review"",""In Review"",""Submitted"",""Submitted"",""Minor revisions"",""Minor revisions"",""In Review"",""In Review"",""Submitted"",""Submitted""]"
ERB-1520,2026-06-16T15:59:31.796Z,DMP-2739,true,"[""Approved"",""Approved"",""In Review"",""In Review"",""Submitted"",""Submitted"",""Waiting for approval"",""Waiting for approval""]"
ERB-1325,2026-05-11T10:55:56.202Z,DMP-2449,true,"[""Approved"",""Approved"",""In Review"",""In Review"",""Submitted"",""Submitted"",""Waiting for approval"",""Waiting for approval""]"
ERB-504,2025-11-12T13:56:10.983Z,DMP-857,true,"[""Approved"",""Approved"",""In Review"",""In Review"",""Submitted"",""Submitted""]"
ERB-1498,2026-06-09T10:51:17.566Z,DMP-2706,true,"[""Approved"",""Approved"",""In Review"",""In Review"",""Submitted"",""Submitted"",""Waiting for approval"",""Waiting for approval""]"
ERB-1022,2026-03-25T16:01:10.239Z,DMP-1871,true,"[""Approved"",""Approved"",""In Review"",""In Review"",""Submitted"",""Submitted"",""Minor revisions"",""Minor revisions"",""In Review"",""In Review"",""Submitted"",""Submitted""]"
ERB-819,2026-03-06T14:51:56.012Z,DMP-1606,true,"[""Approved"",""Approved"",""In Review"",""In Review"",""Submitted"",""Submitted"",""Waiting for approval"",""Waiting for approval"",""Draft"",""Draft"",""Waiting for approval"",""Waiting for approval""]"
ERB-557,2025-12-03T11:29:37.134Z,DMP-1158,true,"[""Approved"",""Approved"",""In Review"",""In Review"",""Submitted"",""Submitted"",""Minor revisions"",""Minor revisions"",""In Review"",""In Review"",""Submitted"",""Submitted""]"
ERB-1455,2026-05-29T15:42:48.042Z,DMP-2631,true,"[""Approved"",""Approved"",""In Review"",""In Review"",""Submitted"",""Submitted"",""Waiting for approval"",""Waiting for approval"",""Draft"",""Draft"",""Waiting for approval"",""Waiting for approval""]"
ERB-869,2026-03-13T10:00:20.653Z,DMP-1819,true,"[""Approved"",""Approved"",""In Review"",""In Review"",""Submitted"",""Submitted"",""Waiting for approval"",""Waiting for approval""]"
ERB-910,2026-03-17T11:06:09.712Z,DMP-1891,true,"[""Approved"",""Approved"",""In Review"",""In Review"",""Submitted"",""Submitted"",""Waiting for approval"",""Waiting for approval"",""Draft"",""Draft"",""Waiting for approval"",""Waiting for approval"",""Draft"",""Draft"",""Waiting for approval"",""Waiting for approval""]"
ERB-1448,2026-05-28T09:51:20.876Z,DMP-2611,true,"[""Approved"",""Approved"",""In Review"",""In Review"",""Submitted"",""Submitted"",""Waiting for approval"",""Waiting for approval""]"
ERB-1336,2026-05-11T16:14:20.362Z,DMP-2240,false,"[""Waiting for approval"",""Waiting for approval""]"
ERB-609,2025-12-19T15:44:46.692Z,DMP-1051,true,"[""Approved"",""Approved"",""In Review"",""In Review"",""Submitted"",""Submitted"",""Draft"",""Draft"",""Waiting for approval"",""Waiting for approval"",""Draft"",""Draft"",""Retracted"",""Retracted"",""Submitted"",""Submitted"",""Minor revisions"",""Minor revisions"",""In Review"",""In Review"",""Submitted"",""Submitted""]"
ERB-550,2025-12-02T11:22:54.771Z,DMP-1125,true,"[""Approved"",""Approved"",""In Review"",""In Review"",""Submitted"",""Submitted""]"
ERB-538,2025-11-26T10:32:01.958Z,DMP-1110,true,"[""Approved"",""Approved"",""In Review"",""In Review"",""Submitted"",""Submitted""]"
ERB-995,2026-03-24T14:08:06.140Z,DMP-1874,true,"[""Approved"",""Approved"",""In Review"",""In Review"",""Submitted"",""Submitted"",""Minor revisions"",""Minor revisions"",""In Review"",""In Review"",""Submitted"",""Submitted"",""Waiting for approval"",""Waiting for approval""]"
ERB-396,2025-09-29T15:31:13.258Z,DMP-782,true,"[""Approved"",""Approved"",""In Review"",""In Review"",""Submitted"",""Submitted""]"
ERB-1030,2026-03-26T10:04:19.885Z,DMP-1927,true,"[""Approved"",""Approved"",""In Review"",""In Review"",""Submitted"",""Submitted"",""Waiting for approval"",""Waiting for approval""]"
ERB-1380,2026-05-18T16:22:04.956Z,DMP-2505,true,"[""Approved"",""Approved"",""In Review"",""In Review"",""Submitted"",""Submitted"",""Waiting for approval"",""Waiting for approval""]"
ERB-485,2025-11-04T20:28:59.755Z,DMP-943,false,"[""Minor revisions"",""Minor revisions"",""In Review"",""In Review"",""Submitted"",""Submitted"",""Minor revisions"",""Minor revisions"",""In Review"",""In Review"",""Submitted"",""Submitted""]"
ERB-536,2025-11-25T14:54:21.417Z,DMP-919,true,"[""Approved"",""Approved"",""In Review"",""In Review"",""Submitted"",""Submitted""]"
ERB-507,2025-11-14T14:46:11.143Z,DMP-1025,false,"[""Inactive"",""Inactive"",""Major revisions"",""Major revisions"",""In Review"",""In Review"",""Submitted"",""Submitted""]"
ERB-1484,2026-06-04T16:18:37.157Z,DMP-2687,true,"[""Approved"",""Approved"",""In Review"",""In Review"",""Submitted"",""Submitted"",""Waiting for approval"",""Waiting for approval""]"
ERB-1223,2026-04-28T10:34:14.203Z,DMP-2275,true,"[""Approved"",""Approved"",""In Review"",""In Review"",""Submitted"",""Submitted"",""Waiting for approval"",""Waiting for approval""]"
ERB-635,2026-01-13T10:11:03.148Z,DMP-1210,true,"[""Approved"",""Approved"",""In Review"",""In Review"",""Submitted"",""Submitted""]"
ERB-1433,2026-05-26T13:01:52.507Z,DMP-2573,true,"[""Approved"",""Approved"",""In Review"",""In Review"",""Submitted"",""Submitted"",""Waiting for approval"",""Waiting for approval"",""Draft"",""Draft"",""Waiting for approval"",""Waiting for approval""]"
ERB-980,2026-03-23T09:22:06.845Z,DMP-1507,true,"[""Approved"",""Approved"",""In Review"",""In Review"",""Submitted"",""Submitted"",""Waiting for approval"",""Waiting for approval""]"
ERB-1396,2026-05-20T11:24:55.735Z,DMP-2544,true,"[""Approved"",""Approved"",""In Review"",""In Review"",""Submitted"",""Submitted"",""Waiting for approval"",""Waiting for approval"",""Draft"",""Draft"",""Retracted"",""Retracted"",""In Review"",""In Review"",""Submitted"",""Submitted"",""Waiting for approval"",""Waiting for approval"",""Draft"",""Draft"",""Waiting for approval"",""Waiting for approval"",""Draft"",""Draft"",""Waiting for approval"",""Waiting for approval"",""Draft"",""Draft"",""Retracted"",""Retracted"",""Draft"",""Draft"",""Waiting for approval"",""Waiting for approval""]"
ERB-880,2026-03-13T12:21:14.497Z,DMP-1823,true,"[""Approved"",""Approved"",""In Review"",""In Review"",""Submitted"",""Submitted"",""Waiting for approval"",""Waiting for approval"",""Draft"",""Draft"",""Waiting for approval"",""Waiting for approval"",""Draft"",""Draft"",""Waiting for approval"",""Waiting for approval""]"
ERB-1066,2026-03-31T12:59:58.641Z,DMP-2044,true,"[""Approved"",""Approved"",""In Review"",""In Review"",""Submitted"",""Submitted""]"
ERB-522,2025-11-20T10:08:51.560Z,DMP-1004,true,"[""Approved"",""Approved"",""In Review"",""In Review"",""Submitted"",""Submitted"",""Minor revisions"",""Minor revisions"",""In Review"",""In Review"",""Submitted"",""Submitted""]"
ERB-590,2025-12-15T15:22:50.346Z,DMP-1262,true,"[""Approved"",""Approved"",""In Review"",""In Review"",""Submitted"",""Submitted"",""Major revisions"",""Major revisions"",""In Review"",""In Review"",""Submitted"",""Submitted""]"
ERB-528,2025-11-20T11:41:58.510Z,DMP-1090,true,"[""Approved"",""Approved"",""In Review"",""In Review"",""Submitted"",""Submitted""]"
ERB-1064,2026-03-31T12:07:47.357Z,DMP-2057,true,"[""Approved"",""Approved"",""In Review"",""In Review"",""Submitted"",""Submitted"",""Major revisions"",""Major revisions"",""In Review"",""In Review"",""Submitted"",""Submitted""]"
ERB-681,2026-02-02T13:19:12.445Z,null,true,"[""Approved"",""Approved"",""Generating pre-registration"",""Generating pre-registration"",""Approved"",""Approved"",""Generating pre-registration"",""Generating pre-registration"",""Approved"",""Approved"",""In Review"",""In Review"",""Submitted"",""Submitted"",""Minor revisions"",""Minor revisions"",""In Review"",""In Review"",""Submitted"",""Submitted""]"
ERB-1184,2026-04-22T11:16:14.481Z,DMP-2238,true,"[""Approved"",""Approved"",""In Review"",""In Review"",""Submitted"",""Submitted"",""Waiting for approval"",""Waiting for approval""]"
ERB-1109,2026-04-09T10:53:28.464Z,DMP-2128,true,"[""Approved"",""Approved"",""In Review"",""In Review"",""Submitted"",""Submitted"",""Minor revisions"",""Minor revisions"",""In Review"",""In Review"",""Submitted"",""Submitted"",""Minor revisions"",""Minor revisions"",""In Review"",""In Review"",""Submitted"",""Submitted"",""Minor revisions"",""Minor revisions"",""In Review"",""In Review"",""Submitted"",""Submitted""]"
ERB-954,2026-03-19T16:24:20.198Z,DMP-1878,true,"[""Approved"",""Approved"",""In Review"",""In Review"",""Submitted"",""Submitted"",""Waiting for approval"",""Waiting for approval""]"
ERB-1242,2026-04-29T19:31:21.523Z,DMP-2327,true,"[""Approved"",""Approved"",""In Review"",""In Review"",""Submitted"",""Submitted"",""Waiting for approval"",""Waiting for approval"",""Major revisions"",""Major revisions"",""In Review"",""In Review"",""Submitted"",""Submitted"",""Waiting for approval"",""Waiting for approval""]"
ERB-1033,2026-03-26T14:14:28.010Z,DMP-2015,true,"[""Approved"",""Approved"",""In Review"",""In Review"",""Submitted"",""Submitted"",""Waiting for approval"",""Waiting for approval""]"
ERB-1241,2026-04-29T18:30:19.829Z,DMP-2325,true,"[""Approved"",""Approved"",""In Review"",""In Review"",""Submitted"",""Submitted"",""Waiting for approval"",""Waiting for approval"",""Draft"",""Draft"",""Waiting for approval"",""Waiting for approval""]"
ERB-743,2026-02-20T13:34:41.030Z,DMP-1552,true,"[""Approved"",""Approved"",""In Review"",""In Review"",""Submitted"",""Submitted"",""Waiting for approval"",""Waiting for approval"",""Draft"",""Draft"",""Waiting for approval"",""Waiting for approval""]"
ERB-689,2026-02-04T14:02:20.174Z,DMP-1463,true,"[""Approved"",""Approved"",""In Review"",""In Review"",""Submitted"",""Submitted"",""Minor revisions"",""Minor revisions"",""In Review"",""In Review"",""Submitted"",""Submitted"",""Major revisions"",""Major revisions"",""In Review"",""In Review"",""Submitted"",""Submitted""]"
ERB-1561,2026-07-06T14:22:44.459Z,DMP-2839,true,"[""Approved"",""Approved"",""In Review"",""In Review"",""Submitted"",""Submitted"",""Minor revisions"",""Minor revisions"",""In Review"",""In Review"",""Submitted"",""Submitted""]"
ERB-842,2026-03-10T15:10:22.874Z,DMP-1777,true,"[""Approved"",""Approved"",""In Review"",""In Review"",""Submitted"",""Submitted"",""Waiting for approval"",""Waiting for approval""]"
ERB-1148,2026-04-15T16:08:43.335Z,DMP-2193,true,"[""Approved"",""Approved"",""In Review"",""In Review"",""Submitted"",""Submitted"",""Minor revisions"",""Minor revisions"",""In Review"",""In Review"",""Submitted"",""Submitted"",""Waiting for approval"",""Waiting for approval""]"
ERB-833,2026-03-10T09:30:48.895Z,DMP-1750,true,"[""Approved"",""Approved"",""In Review"",""In Review"",""Submitted"",""Submitted"",""Waiting for approval"",""Waiting for approval""]"
ERB-1102,2026-04-09T09:25:19.381Z,DMP-1925,true,"[""Approved"",""Approved"",""In Review"",""In Review"",""Submitted"",""Submitted""]"
ERB-1125,2026-04-13T23:25:47.518Z,DMP-2171,true,"[""Approved"",""Approved"",""In Review"",""In Review"",""Submitted"",""Submitted"",""Waiting for approval"",""Waiting for approval""]"
ERB-1405,2026-05-21T18:14:06.778Z,DMP-2553,true,"[""Approved"",""Approved"",""In Review"",""In Review"",""Submitted"",""Submitted""]"
ERB-1586,2026-08-05T10:35:49.633Z,DMP-2888,true,"[""Approved"",""Approved"",""In Review"",""In Review"",""Submitted"",""Submitted"",""Waiting for approval"",""Waiting for approval""]"
ERB-888,2026-03-15T10:04:23.360Z,DMP-809,true,"[""Approved"",""Approved"",""In Review"",""In Review"",""Submitted"",""Submitted"",""Waiting for approval"",""Waiting for approval""]"
ERB-1105,2026-04-09T10:13:24.702Z,DMP-1728,true,"[""Approved"",""Approved"",""In Review"",""In Review"",""Submitted"",""Submitted"",""Waiting for approval"",""Waiting for approval"",""Major revisions"",""Major revisions"",""In Review"",""In Review"",""Submitted"",""Submitted"",""Waiting for approval"",""Waiting for approval""]"
ERB-1268,2026-05-02T10:13:26.252Z,DMP-2361,true,"[""Approved"",""Approved"",""In Review"",""In Review"",""Submitted"",""Submitted""]"
ERB-1082,2026-04-02T20:59:52.570Z,DMP-2042,true,"[""Approved"",""Approved"",""In Review"",""In Review"",""Submitted"",""Submitted"",""Waiting for approval"",""Waiting for approval""]"
ERB-839,2026-03-10T13:49:19.788Z,DMP-1770,true,"[""Approved"",""Approved"",""In Review"",""In Review"",""Submitted"",""Submitted"",""Waiting for approval"",""Waiting for approval"",""Draft"",""Draft"",""Waiting for approval"",""Waiting for approval""]"
ERB-1291,2026-05-06T12:13:01.764Z,DMP-2384,true,"[""Approved"",""Approved"",""In Review"",""In Review"",""Submitted"",""Submitted"",""Draft"",""Draft"",""Waiting for approval"",""Waiting for approval""]"
ERB-542,2025-12-01T10:24:10.502Z,DMP-1083,true,"[""Approved"",""Approved"",""In Review"",""In Review"",""Submitted"",""Submitted""]"
ERB-1181,2026-04-22T09:43:14.621Z,DMP-2199,true,"[""Approved"",""Approved"",""In Review"",""In Review"",""Submitted"",""Submitted"",""Waiting for approval"",""Waiting for approval"",""Draft"",""Draft"",""Waiting for approval"",""Waiting for approval""]"
ERB-724,2026-02-17T10:51:17.259Z,DMP-1526,true,"[""Approved"",""Approved"",""In Review"",""In Review"",""Submitted"",""Submitted"",""Waiting for approval"",""Waiting for approval""]"
ERB-541,2025-12-01T10:22:10.559Z,DMP-1114,false,"[""Major revisions"",""Major revisions"",""In Review"",""In Review"",""Submitted"",""Submitted""]"
ERB-1301,2026-05-07T10:31:24.572Z,DMP-1807,true,"[""Approved"",""Approved"",""In Review"",""In Review"",""Submitted"",""Submitted"",""Waiting for approval"",""Waiting for approval""]"
ERB-566,2025-12-04T18:28:11.962Z,DMP-1211,true,"[""Approved"",""Approved"",""In Review"",""In Review"",""Submitted"",""Submitted""]"
ERB-1215,2026-04-25T18:20:33.283Z,DMP-2294,true,"[""Approved"",""Approved"",""In Review"",""In Review"",""Submitted"",""Submitted"",""Waiting for approval"",""Waiting for approval"",""Draft"",""Draft"",""Waiting for approval"",""Waiting for approval""]"
ERB-961,2026-03-20T10:23:12.241Z,DMP-1952,true,"[""Approved"",""Approved"",""In Review"",""In Review"",""Submitted"",""Submitted"",""Waiting for approval"",""Waiting for approval"",""Draft"",""Draft"",""Waiting for approval"",""Waiting for approval""]"
ERB-332,2025-09-03T11:12:03.174Z,DMP-641,true,"[""Approved"",""Approved"",""In Review"",""In Review"",""Submitted"",""Submitted""]"
ERB-473,2025-10-29T14:38:03.197Z,DMP-958,true,"[""Approved"",""Approved"",""Conditional approval"",""Conditional approval"",""In Review"",""In Review"",""Submitted"",""Submitted"",""Minor revisions"",""Minor revisions"",""In Review"",""In Review"",""Submitted"",""Submitted""]"
ERB-606,2025-12-19T13:28:58.018Z,DMP-1146,true,"[""Approved"",""Approved"",""In Review"",""In Review"",""Submitted"",""Submitted"",""Major revisions"",""Major revisions"",""In Review"",""In Review"",""Submitted"",""Submitted""]"
ERB-1601,2026-08-19T10:48:39.879Z,DMP-2919,true,"[""Approved"",""Approved"",""In Review"",""In Review"",""Submitted"",""Submitted"",""Waiting for approval"",""Waiting for approval""]"
ERB-786,2026-03-04T14:41:48.165Z,DMP-1676,true,"[""Approved"",""Approved"",""In Review"",""In Review"",""Submitted"",""Submitted"",""Waiting for approval"",""Waiting for approval""]"
ERB-355,2025-09-17T14:00:14.047Z,DMP-734,true,"[""Approved"",""Approved"",""In Review"",""In Review"",""Submitted"",""Submitted""]"
ERB-792,2026-03-04T17:59:06.970Z,DMP-1642,true,"[""Approved"",""Approved"",""In Review"",""In Review"",""Submitted"",""Submitted""]"
ERB-1172,2026-04-20T13:48:07.027Z,DMP-2140,true,"[""Approved"",""Approved"",""In Review"",""In Review"",""Submitted"",""Submitted"",""Waiting for approval"",""Waiting for approval"",""Major revisions"",""Major revisions"",""In Review"",""In Review"",""Submitted"",""Submitted"",""Waiting for approval"",""Waiting for approval""]"
ERB-467,2025-10-27T10:41:00.051Z,DMP-940,true,"[""Approved"",""Approved"",""In Review"",""In Review"",""Submitted"",""Submitted"",""Minor revisions"",""Minor revisions"",""In Review"",""In Review"",""Submitted"",""Submitted""]"
ERB-429,2025-10-08T11:06:55.273Z,DMP-791,true,"[""Approved"",""Approved"",""In Review"",""In Review"",""Submitted"",""Submitted""]"
ERB-1251,2026-04-30T13:48:40.110Z,DMP-2333,true,"[""Approved"",""Approved"",""In Review"",""In Review"",""Submitted"",""Submitted"",""Waiting for approval"",""Waiting for approval""]"
ERB-928,2026-03-18T09:04:26.813Z,DMP-1781,true,"[""Approved"",""Approved"",""In Review"",""In Review"",""Submitted"",""Submitted"",""Waiting for approval"",""Waiting for approval""]"
ERB-832,2026-03-10T08:44:15.597Z,DMP-1714,true,"[""Approved"",""Approved"",""In Review"",""In Review"",""Submitted"",""Submitted"",""Waiting for approval"",""Waiting for approval""]"
ERB-934,2026-03-18T10:31:40.340Z,DMP-1851,true,"[""Approved"",""Approved"",""In Review"",""In Review"",""Submitted"",""Submitted"",""Waiting for approval"",""Waiting for approval""]"
ERB-597,2025-12-17T09:47:27.569Z,DMP-1291,true,"[""Approved"",""Approved"",""In Review"",""In Review"",""Submitted"",""Submitted""]"
ERB-515,2025-11-17T17:30:23.826Z,DMP-1075,true,"[""Approved"",""Approved"",""In Review"",""In Review"",""Submitted"",""Submitted"",""Minor revisions"",""Minor revisions"",""In Review"",""In Review"",""Submitted"",""Submitted""]"
ERB-1358,2026-05-13T13:52:42.026Z,DMP-2495,true,"[""Approved"",""Approved"",""In Review"",""In Review"",""Submitted"",""Submitted"",""Waiting for approval"",""Waiting for approval"",""Draft"",""Draft"",""Waiting for approval"",""Waiting for approval""]"
ERB-495,2025-11-10T11:57:30.257Z,DMP-1019,true,"[""Approved"",""Approved"",""In Review"",""In Review"",""Submitted"",""Submitted""]"
ERB-926,2026-03-17T19:45:05.038Z,DMP-1916,true,"[""Approved"",""Approved"",""In Review"",""In Review"",""Submitted"",""Submitted"",""Waiting for approval"",""Waiting for approval""]"
ERB-532,2025-11-24T10:25:16.953Z,DMP-1091,true,"[""Approved"",""Approved"",""In Review"",""In Review"",""Submitted"",""Submitted"",""Minor revisions"",""Minor revisions"",""In Review"",""In Review"",""Submitted"",""Submitted""]"
ERB-1612,2026-08-27T11:54:14.377Z,DMP-2955,false,"[""Waiting for approval""]"
ERB-500,2025-11-12T09:46:59.922Z,DMP-1040,true,"[""Approved"",""Approved"",""In Review"",""In Review"",""Submitted"",""Submitted""]"
ERB-1387,2026-05-19T10:10:25.362Z,DMP-2502,true,"[""Approved"",""Approved"",""In Review"",""In Review"",""Submitted"",""Submitted"",""Waiting for approval"",""Waiting for approval""]"
ERB-1361,2026-05-13T15:46:49.046Z,DMP-2507,true,"[""Approved"",""Approved"",""In Review"",""In Review"",""Submitted"",""Submitted"",""Waiting for approval"",""Waiting for approval""]"
ERB-405,2025-10-01T15:06:27.130Z,DMP-830,true,"[""Approved"",""Approved"",""In Review"",""In Review"",""Submitted"",""Submitted""]"
ERB-1415,2026-05-22T13:11:10.533Z,DMP-2575,true,"[""Approved"",""Approved"",""In Review"",""In Review"",""Submitted"",""Submitted"",""Waiting for approval"",""Waiting for approval""]"
ERB-1486,2026-06-05T10:03:51.377Z,DMP-2646,true,"[""Approved"",""Approved"",""In Review"",""In Review"",""Submitted"",""Submitted""]"
ERB-1538,2026-06-23T12:15:59.531Z,DMP-2782,true,"[""Approved"",""Approved"",""In Review"",""In Review"",""Submitted"",""Submitted"",""Waiting for approval"",""Waiting for approval""]"
ERB-1591,2026-08-10T11:14:25.063Z,DMP-2909,true,"[""Approved"",""In Review"",""Submitted"",""Minor revisions"",""Minor revisions"",""In Review"",""In Review"",""Submitted"",""Submitted""]"
ERB-755,2026-02-24T17:25:37.715Z,DMP-956,true,"[""Approved"",""Approved"",""In Review"",""In Review"",""Submitted"",""Submitted"",""Waiting for approval"",""Waiting for approval""]"
ERB-1155,2026-04-16T13:10:50.237Z,DMP-2195,true,"[""Approved"",""Approved"",""In Review"",""In Review"",""Submitted"",""Submitted"",""Minor revisions"",""Minor revisions"",""In Review"",""In Review"",""Submitted"",""Submitted"",""Waiting for approval"",""Waiting for approval""]"
ERB-753,2026-02-24T13:22:13.148Z,DMP-938,true,"[""Approved"",""Approved"",""In Review"",""In Review"",""Submitted"",""Submitted""]"
ERB-765,2026-02-27T10:10:32.917Z,DMP-1309,true,"[""Approved"",""Approved"",""In Review"",""In Review"",""Submitted"",""Submitted"",""Waiting for approval"",""Waiting for approval""]"
ERB-1344,2026-05-12T07:28:44.124Z,DMP-2459,true,"[""Approved"",""Approved"",""In Review"",""In Review"",""Submitted"",""Submitted"",""Waiting for approval"",""Waiting for approval""]"
ERB-456,2025-10-20T14:59:36.635Z,DMP-844,true,"[""Approved"",""Approved"",""In Review"",""In Review"",""Submitted"",""Submitted""]"
ERB-377,2025-09-24T13:53:51.290Z,DMP-771,true,"[""Approved"",""Approved"",""In Review"",""In Review"",""Submitted"",""Submitted""]"
ERB-1077,2026-04-02T12:55:09.985Z,DMP-2071,true,"[""Approved"",""Approved"",""In Review"",""In Review"",""Submitted"",""Submitted"",""Waiting for approval"",""Waiting for approval""]"
ERB-1297,2026-05-06T21:18:09.358Z,DMP-2167,true,"[""Approved"",""Approved"",""In Review"",""In Review"",""Submitted"",""Submitted"",""Waiting for approval"",""Waiting for approval""]"
ERB-1515,2026-06-15T15:55:17.008Z,DMP-2746,true,"[""Approved"",""Approved"",""In Review"",""In Review"",""Submitted"",""Submitted"",""Draft"",""Draft"",""Retracted"",""Retracted"",""Submitted"",""Submitted"",""Draft"",""Draft"",""Retracted"",""Retracted"",""Submitted"",""Submitted""]"
ERB-885,2026-03-13T23:09:07.470Z,DMP-1568,true,"[""Approved"",""Approved"",""In Review"",""In Review"",""Submitted"",""Submitted"",""Waiting for approval"",""Waiting for approval"",""Draft"",""Draft"",""Waiting for approval"",""Waiting for approval"",""Draft"",""Draft"",""Waiting for approval"",""Waiting for approval""]"
ERB-1584,2026-08-05T09:37:30.982Z,DMP-2889,false,"[""Submitted"",""Submitted""]"
ERB-697,2026-02-05T14:45:38.248Z,DMP-1477,true,"[""Approved"",""Approved"",""In Review"",""In Review"",""Submitted"",""Submitted""]"
ERB-1211,2026-04-24T14:28:10.996Z,DMP-2286,true,"[""Approved"",""Approved"",""In Review"",""In Review"",""Submitted"",""Submitted""]"
ERB-1034,2026-03-26T14:15:32.005Z,DMP-2025,true,"[""Approved"",""Approved"",""In Review"",""In Review"",""Submitted"",""Submitted"",""Waiting for approval"",""Waiting for approval""]"
ERB-990,2026-03-24T09:05:35.641Z,DMP-1995,true,"[""Approved"",""Approved"",""In Review"",""In Review"",""Submitted"",""Submitted"",""Waiting for approval"",""Waiting for approval""]"
ERB-897,2026-03-16T14:18:38.571Z,DMP-1875,true,"[""Approved"",""Approved"",""In Review"",""In Review"",""Submitted"",""Submitted"",""Waiting for approval"",""Waiting for approval""]"
ERB-942,2026-03-18T20:48:34.630Z,DMP-1910,true,"[""Approved"",""Approved"",""In Review"",""In Review"",""Submitted"",""Submitted"",""Minor revisions"",""Minor revisions"",""In Review"",""In Review"",""Submitted"",""Submitted"",""Waiting for approval"",""Waiting for approval"",""Major revisions"",""Major revisions"",""In Review"",""In Review"",""Submitted"",""Submitted"",""Waiting for approval"",""Waiting for approval""]"
ERB-1413,2026-05-22T12:53:59.463Z,DMP-2556,true,"[""Approved"",""Approved"",""In Review"",""In Review"",""Submitted"",""Submitted"",""Waiting for approval"",""Waiting for approval"",""Draft"",""Draft"",""Waiting for approval"",""Waiting for approval""]"
ERB-647,2026-01-19T16:05:27.003Z,DMP-1379,true,"[""Approved"",""Approved"",""In Review"",""In Review"",""Submitted"",""Submitted""]"
ERB-960,2026-03-20T09:49:05.584Z,DMP-1864,true,"[""Approved"",""Approved"",""In Review"",""In Review"",""Submitted"",""Submitted"",""Waiting for approval"",""Waiting for approval""]"
ERB-660,2026-01-26T10:15:58.496Z,DMP-1224,true,"[""Approved"",""Approved"",""In Review"",""In Review"",""Submitted"",""Submitted"",""Waiting for approval"",""Waiting for approval""]"
ERB-1272,2026-05-03T20:58:12.346Z,DMP-2370,true,"[""Approved"",""Approved"",""In Review"",""In Review"",""Submitted"",""Submitted"",""Waiting for approval"",""Waiting for approval""]"
ERB-1263,2026-05-01T15:19:54.508Z,DMP-2344,true,"[""Approved"",""Approved"",""In Review"",""In Review"",""Submitted"",""Submitted"",""Minor revisions"",""Minor revisions"",""In Review"",""In Review"",""Submitted"",""Submitted"",""Minor revisions"",""Minor revisions"",""In Review"",""In Review"",""Submitted"",""Submitted""]"
ERB-1005,2026-03-25T10:00:47.215Z,DMP-2001,true,"[""Approved"",""Approved"",""In Review"",""In Review"",""Submitted"",""Submitted"",""Waiting for approval"",""Waiting for approval"",""Draft"",""Draft"",""Waiting for approval"",""Waiting for approval""]"
ERB-951,2026-03-19T15:20:15.714Z,DMP-1943,true,"[""Approved"",""Approved"",""In Review"",""In Review"",""Submitted"",""Submitted"",""Waiting for approval"",""Waiting for approval""]"
ERB-1122,2026-04-13T14:30:05.219Z,DMP-2152,true,"[""Approved"",""Approved"",""In Review"",""In Review"",""Submitted"",""Submitted"",""Waiting for approval"",""Waiting for approval""]"
ERB-683,2026-02-02T13:59:46.483Z,DMP-1454,true,"[""Approved"",""Approved"",""In Review"",""In Review"",""Submitted"",""Submitted""]"
ERB-733,2026-02-18T14:00:21.147Z,DMP-1558,true,"[""Approved"",""Approved"",""In Review"",""In Review"",""Submitted"",""Submitted"",""Waiting for approval"",""Waiting for approval""]"
ERB-770,2026-03-02T08:45:57.188Z,DMP-1607,true,"[""Approved"",""Approved"",""In Review"",""In Review"",""Submitted"",""Submitted"",""Waiting for approval"",""Waiting for approval"",""Draft"",""Draft"",""Waiting for approval"",""Waiting for approval""]"
ERB-1106,2026-04-09T10:36:59.193Z,DMP-2085,true,"[""Approved"",""Approved"",""In Review"",""In Review"",""Submitted"",""Submitted""]"
ERB-1007,2026-03-25T10:52:21.121Z,DMP-2009,true,"[""Approved"",""Approved"",""In Review"",""In Review"",""Submitted"",""Submitted"",""Minor revisions"",""Minor revisions"",""In Review"",""In Review"",""Submitted"",""Submitted"",""Waiting for approval"",""Waiting for approval""]"
ERB-776,2026-03-02T12:20:53.826Z,DMP-1595,true,"[""Approved"",""Approved"",""In Review"",""In Review"",""Submitted"",""Submitted"",""Minor revisions"",""Minor revisions"",""In Review"",""In Review"",""Submitted"",""Submitted"",""Waiting for approval"",""Waiting for approval""]"
ERB-716,2026-02-13T14:06:24.655Z,DMP-1544,true,"[""Approved"",""Approved"",""In Review"",""In Review"",""Submitted"",""Submitted""]"
ERB-1449,2026-05-28T10:13:24.435Z,DMP-2612,true,"[""Approved"",""Approved"",""In Review"",""In Review"",""Submitted"",""Submitted"",""Waiting for approval"",""Waiting for approval""]"
ERB-1599,2026-08-18T09:20:06.467Z,DMP-2886,true,"[""Approved"",""In Review"",""Submitted"",""Submitted""]"
ERB-713,2026-02-12T14:02:19.200Z,DMP-1528,true,"[""Approved"",""Approved"",""In Review"",""In Review"",""Submitted"",""Submitted"",""Minor revisions"",""Minor revisions"",""In Review"",""In Review"",""Submitted"",""Submitted""]"
ERB-1111,2026-04-09T14:34:15.896Z,DMP-2132,true,"[""Approved"",""Approved"",""In Review"",""In Review"",""Submitted"",""Submitted"",""Waiting for approval"",""Waiting for approval""]"
ERB-1075,2026-04-02T09:49:54.193Z,DMP-1099,true,"[""Approved"",""Approved"",""In Review"",""In Review"",""Submitted"",""Submitted"",""Waiting for approval"",""Waiting for approval""]"
ERB-826,2026-03-09T12:48:24.832Z,DMP-1546,true,"[""Approved"",""Approved"",""In Review"",""In Review"",""Submitted"",""Submitted"",""Minor revisions"",""Minor revisions"",""In Review"",""In Review"",""Submitted"",""Submitted"",""Minor revisions"",""Minor revisions"",""In Review"",""In Review"",""Submitted"",""Submitted"",""Waiting for approval"",""Waiting for approval""]"
ERB-1110,2026-04-09T13:49:57.799Z,DMP-1982,false,"[""Submitted"",""Submitted"",""Minor revisions"",""Minor revisions"",""In Review"",""In Review"",""Submitted"",""Submitted""]"
ERB-973,2026-03-20T16:09:15.560Z,DMP-1766,true,"[""Approved"",""Approved"",""In Review"",""In Review"",""Submitted"",""Submitted"",""Waiting for approval"",""Waiting for approval""]"
ERB-553,2025-12-02T14:59:41.766Z,DMP-1151,true,"[""Approved"",""Approved"",""In Review"",""In Review"",""Submitted"",""Submitted"",""Minor revisions"",""Minor revisions"",""In Review"",""In Review"",""Submitted"",""Submitted""]"
ERB-575,2025-12-09T15:44:55.198Z,DMP-1230,true,"[""Approved"",""Approved"",""In Review"",""In Review"",""Submitted"",""Submitted"",""Minor revisions"",""Minor revisions"",""In Review"",""In Review"",""Submitted"",""Submitted"",""Minor revisions"",""Minor revisions"",""In Review"",""In Review"",""Submitted"",""Submitted""]"
ERB-1457,2026-05-29T23:22:04.531Z,DMP-2621,true,"[""Approved"",""Approved"",""In Review"",""In Review"",""Submitted"",""Submitted"",""Waiting for approval"",""Waiting for approval""]"
ERB-400,2025-09-30T15:24:51.578Z,DMP-788,true,"[""Approved"",""Approved"",""In Review"",""In Review"",""Submitted"",""Submitted""]"
ERB-1558,2026-07-03T09:52:56.294Z,DMP-2833,true,"[""Approved"",""Approved"",""In Review"",""In Review"",""Submitted"",""Submitted""]"
ERB-820,2026-03-06T15:02:43.307Z,DMP-1564,true,"[""Approved"",""Approved"",""In Review"",""In Review"",""Submitted"",""Submitted"",""Waiting for approval"",""Waiting for approval"",""Draft"",""Draft"",""Waiting for approval"",""Waiting for approval""]"
ERB-622,2026-01-08T10:45:28.460Z,DMP-1320,true,"[""Approved"",""Approved"",""In Review"",""In Review"",""Submitted"",""Submitted""]"
ERB-1324,2026-05-11T10:08:02.289Z,DMP-2457,true,"[""Approved"",""Approved"",""In Review"",""In Review"",""Submitted"",""Submitted""]"
ERB-1189,2026-04-22T14:46:30.898Z,DMP-1417,false,"[""Draft"",""Draft"",""Retracted"",""Retracted"",""Submitted"",""Submitted""]"
ERB-1043,2026-03-27T15:19:23.534Z,DMP-2021,true,"[""Approved"",""Approved"",""In Review"",""In Review"",""Submitted"",""Submitted"",""Waiting for approval"",""Waiting for approval""]"
ERB-1474,2026-06-02T10:25:30.689Z,DMP-2630,true,"[""Approved"",""Approved"",""In Review"",""In Review"",""Submitted"",""Submitted""]"
ERB-924,2026-03-17T18:29:38.151Z,DMP-1915,true,"[""Approved"",""Approved"",""In Review"",""In Review"",""Submitted"",""Submitted"",""Waiting for approval"",""Waiting for approval""]"
ERB-719,2026-02-13T17:15:56.250Z,DMP-1550,true,"[""Approved"",""Approved"",""In Review"",""In Review"",""Submitted"",""Submitted"",""Minor revisions"",""Minor revisions"",""In Review"",""In Review"",""Submitted"",""Submitted"",""Minor revisions"",""Minor revisions"",""In Review"",""In Review"",""Submitted"",""Submitted"",""Waiting for approval"",""Waiting for approval""]"
ERB-1259,2026-05-01T12:11:16.744Z,DMP-1806,true,"[""Approved"",""Approved"",""In Review"",""In Review"",""Submitted"",""Submitted"",""Waiting for approval"",""Waiting for approval"",""Draft"",""Draft"",""Retracted"",""Retracted"",""Draft"",""Draft"",""Waiting for approval"",""Waiting for approval""]"
ERB-441,2025-10-13T13:14:46.574Z,DMP-905,true,"[""Approved"",""Approved"",""In Review"",""In Review"",""Submitted"",""Submitted""]"
ERB-760,2026-02-25T16:04:42.413Z,DMP-1547,true,"[""Approved"",""Approved"",""In Review"",""In Review"",""Submitted"",""Submitted"",""Waiting for approval"",""Waiting for approval"",""Draft"",""Draft"",""Waiting for approval"",""Waiting for approval""]"
ERB-1414,2026-05-22T13:04:13.813Z,DMP-2579,false,"[""Major revisions"",""Major revisions"",""In Review"",""In Review"",""Submitted"",""Submitted""]"
ERB-865,2026-03-13T09:40:19.889Z,DMP-1648,true,"[""Approved"",""Approved"",""In Review"",""In Review"",""Submitted"",""Submitted"",""Minor revisions"",""Minor revisions"",""In Review"",""In Review"",""Submitted"",""Submitted"",""Waiting for approval"",""Waiting for approval""]"
ERB-1220,2026-04-28T10:23:11.127Z,DMP-2265,true,"[""Approved"",""Approved"",""In Review"",""In Review"",""Submitted"",""Submitted"",""Waiting for approval"",""Waiting for approval"",""Major revisions"",""Major revisions"",""In Review"",""In Review"",""Submitted"",""Submitted""]"
ERB-836,2026-03-10T11:37:28.988Z,DMP-1765,true,"[""Approved"",""Approved"",""In Review"",""In Review"",""Submitted"",""Submitted"",""Waiting for approval"",""Waiting for approval"",""Draft"",""Draft"",""Waiting for approval"",""Waiting for approval"",""Draft"",""Draft"",""Waiting for approval"",""Waiting for approval""]"
ERB-490,2025-11-04T20:57:14.136Z,DMP-965,true,"[""Approved"",""Approved"",""In Review"",""In Review"",""Submitted"",""Submitted""]"
ERB-1293,2026-05-06T14:58:37.773Z,DMP-2399,true,"[""Approved"",""Approved"",""In Review"",""In Review"",""Submitted"",""Submitted"",""Waiting for approval"",""Waiting for approval""]"
ERB-404,2025-10-01T14:23:09.394Z,DMP-828,true,"[""Approved"",""Approved"",""In Review"",""In Review"",""Submitted"",""Submitted""]"
ERB-573,2025-12-09T12:31:20.022Z,DMP-1227,true,"[""Approved"",""Approved"",""In Review"",""In Review"",""Submitted"",""Submitted""]"
ERB-501,2025-11-12T09:50:35.080Z,DMP-1037,true,"[""Approved"",""Approved"",""In Review"",""In Review"",""Submitted"",""Submitted""]"
ERB-927,2026-03-17T23:24:27.832Z,DMP-1813,true,"[""Approved"",""Approved"",""In Review"",""In Review"",""Submitted"",""Submitted"",""Waiting for approval"",""Waiting for approval""]"
ERB-751,2026-02-24T12:04:50.838Z,DMP-1562,true,"[""Approved"",""Approved"",""In Review"",""In Review"",""Submitted"",""Submitted"",""Waiting for approval"",""Waiting for approval"",""Draft"",""Draft"",""Waiting for approval"",""Waiting for approval""]"
ERB-1394,2026-05-20T06:05:39.895Z,DMP-2058,true,"[""Approved"",""Approved"",""In Review"",""In Review"",""Submitted"",""Submitted"",""Waiting for approval"",""Waiting for approval""]"
ERB-558,2025-12-03T12:25:30.597Z,DMP-1182,true,"[""Approved"",""Approved"",""In Review"",""In Review"",""Submitted"",""Submitted""]"
ERB-1471,2026-06-02T07:16:10.658Z,DMP-2654,true,"[""Approved"",""Approved"",""In Review"",""In Review"",""Submitted"",""Submitted"",""Waiting for approval"",""Waiting for approval""]"
ERB-979,2026-03-22T22:34:57.875Z,DMP-1978,true,"[""Approved"",""Approved"",""In Review"",""In Review"",""Submitted"",""Submitted"",""Waiting for approval"",""Waiting for approval""]"
ERB-917,2026-03-17T15:22:31.636Z,DMP-1867,true,"[""Approved"",""Approved"",""In Review"",""In Review"",""Submitted"",""Submitted"",""Waiting for approval"",""Waiting for approval""]"
ERB-1430,2026-05-26T11:13:39.773Z,DMP-2585,true,"[""Approved"",""Approved"",""In Review"",""In Review"",""Submitted"",""Submitted""]"
ERB-1267,2026-05-02T10:10:00.735Z,DMP-2360,true,"[""Approved"",""Approved"",""In Review"",""In Review"",""Submitted"",""Submitted"",""Waiting for approval"",""Waiting for approval"",""Draft"",""Draft"",""Waiting for approval"",""Waiting for approval""]"
ERB-1348,2026-05-12T14:43:53.617Z,DMP-2484,true,"[""Approved"",""Approved"",""In Review"",""In Review"",""Submitted"",""Submitted""]"
ERB-508,2025-11-14T16:02:55.686Z,DMP-1054,true,"[""Approved"",""Approved"",""In Review"",""In Review"",""Submitted"",""Submitted""]"
ERB-1322,2026-05-11T07:37:26.792Z,DMP-2351,true,"[""Approved"",""Approved"",""In Review"",""In Review"",""Submitted"",""Submitted"",""Waiting for approval"",""Waiting for approval""]"
ERB-1079,2026-04-02T15:16:23.361Z,DMP-2089,true,"[""Archived"",""Archived"",""Approved"",""Approved"",""Conditional approval"",""Conditional approval"",""In Review"",""In Review"",""Submitted"",""Submitted"",""Draft"",""Draft"",""Archived"",""Archived"",""Approved"",""Approved"",""In Review"",""In Review"",""Submitted"",""Submitted"",""Draft"",""Draft"",""Archived"",""Archived"",""Approved"",""Approved"",""In Review"",""In Review"",""Submitted"",""Submitted"",""Draft"",""Draft"",""Archived"",""Archived"",""Approved"",""Approved"",""In Review"",""In Review"",""Submitted"",""Submitted"",""Draft"",""Draft"",""Retracted"",""Retracted"",""Submitted"",""Submitted""]"
ERB-1436,2026-05-26T14:28:25.247Z,DMP-2597,true,"[""Approved"",""Approved"",""In Review"",""In Review"",""Submitted"",""Submitted"",""Waiting for approval"",""Waiting for approval""]"
ERB-999,2026-03-24T20:15:50.314Z,DMP-1826,true,"[""Approved"",""Approved"",""In Review"",""In Review"",""Submitted"",""Submitted"",""Waiting for approval"",""Waiting for approval"",""Draft"",""Draft"",""Waiting for approval"",""Waiting for approval""]"
ERB-1045,2026-03-27T15:41:47.355Z,DMP-1932,true,"[""Approved"",""Approved"",""In Review"",""In Review"",""Submitted"",""Submitted"",""Waiting for approval"",""Waiting for approval"",""Draft"",""Draft"",""Waiting for approval"",""Waiting for approval""]"
ERB-701,2026-02-06T15:23:36.980Z,DMP-1484,true,"[""Approved"",""Approved"",""In Review"",""In Review"",""Submitted"",""Submitted"",""Waiting for approval"",""Waiting for approval""]"
ERB-965,2026-03-20T11:21:42.309Z,DMP-1955,true,"[""Approved"",""Approved"",""In Review"",""In Review"",""Submitted"",""Submitted"",""Waiting for approval"",""Waiting for approval""]"
ERB-738,2026-02-19T14:11:56.432Z,DMP-1543,true,"[""Approved"",""Approved"",""In Review"",""In Review"",""Submitted"",""Submitted"",""Waiting for approval"",""Waiting for approval""]"
ERB-906,2026-03-16T17:45:59.036Z,DMP-1882,true,"[""Approved"",""Approved"",""In Review"",""In Review"",""Submitted"",""Submitted"",""Waiting for approval"",""Waiting for approval"",""Draft"",""Draft"",""Waiting for approval"",""Waiting for approval"",""Draft"",""Draft"",""Waiting for approval"",""Waiting for approval"",""Draft"",""Draft"",""Waiting for approval"",""Waiting for approval""]"
ERB-834,2026-03-10T11:17:06.448Z,DMP-1733,true,"[""Approved"",""Approved"",""In Review"",""In Review"",""Submitted"",""Submitted""]"
ERB-1294,2026-05-06T16:38:15.025Z,DMP-2405,true,"[""Approved"",""Approved"",""In Review"",""In Review"",""Submitted"",""Submitted"",""Waiting for approval"",""Waiting for approval""]"
ERB-1328,2026-05-11T11:36:49.731Z,DMP-1287,true,"[""Approved"",""Approved"",""In Review"",""In Review"",""Submitted"",""Submitted"",""Waiting for approval"",""Waiting for approval""]"
ERB-484,2025-11-04T15:24:54.178Z,DMP-1006,true,"[""Approved"",""Approved"",""In Review"",""In Review"",""Submitted"",""Submitted""]"
ERB-1260,2026-05-01T14:49:25.957Z,DMP-2359,true,"[""Approved"",""Approved"",""In Review"",""In Review"",""Submitted"",""Submitted"",""Waiting for approval"",""Waiting for approval""]"
ERB-341,2025-09-10T23:05:10.731Z,DMP-709,true,"[""Approved"",""Approved"",""In Review"",""In Review"",""Submitted"",""Submitted"",""Minor revisions"",""Minor revisions"",""In Review"",""In Review"",""Submitted"",""Submitted""]"
ERB-1326,2026-05-11T10:57:50.827Z,DMP-2453,true,"[""Approved"",""Approved"",""In Review"",""In Review"",""Submitted"",""Submitted"",""Major revisions"",""Major revisions"",""In Review"",""In Review"",""Submitted"",""Submitted""]"
ERB-1417,2026-05-22T15:01:40.290Z,DMP-2581,true,"[""Approved"",""Approved"",""In Review"",""In Review"",""Submitted"",""Submitted"",""Waiting for approval"",""Waiting for approval""]"
ERB-1271,2026-05-03T20:32:36.857Z,DMP-2204,true,"[""Approved"",""Approved"",""In Review"",""In Review"",""Submitted"",""Submitted"",""Waiting for approval"",""Waiting for approval""]"
ERB-1607,2026-08-25T17:17:31.532Z,DMP-2945,false,"[""Submitted"",""Draft"",""Retracted""]"
ERB-1224,2026-04-28T10:37:56.075Z,DMP-2155,true,"[""Approved"",""Approved"",""In Review"",""In Review"",""Submitted"",""Submitted""]"
ERB-1265,2026-05-01T16:35:11.010Z,DMP-2291,true,"[""Approved"",""Approved"",""In Review"",""In Review"",""Submitted"",""Submitted"",""Waiting for approval"",""Waiting for approval""]"
ERB-887,2026-03-14T21:34:13.601Z,DMP-1748,true,"[""Approved"",""Approved"",""In Review"",""In Review"",""Submitted"",""Submitted"",""Waiting for approval"",""Waiting for approval""]"
ERB-1379,2026-05-18T16:15:01.128Z,DMP-2530,true,"[""Approved"",""Approved"",""In Review"",""In Review"",""Submitted"",""Submitted"",""Waiting for approval"",""Waiting for approval""]"
ERB-1244,2026-04-30T10:29:37.098Z,DMP-2323,false,"[""Conditional approval"",""Conditional approval"",""In Review"",""In Review"",""Submitted"",""Submitted"",""Minor revisions"",""Minor revisions"",""In Review"",""In Review"",""Submitted"",""Submitted"",""Minor revisions"",""Minor revisions"",""In Review"",""In Review"",""Submitted"",""Submitted"",""Minor revisions"",""Minor revisions"",""In Review"",""In Review"",""Submitted"",""Submitted""]"
ERB-787,2026-03-04T15:11:56.454Z,DMP-1681,true,"[""Approved"",""Approved"",""In Review"",""In Review"",""Submitted"",""Submitted"",""Waiting for approval"",""Waiting for approval""]"
ERB-439,2025-10-12T21:25:42.186Z,DMP-752,true,"[""Approved"",""Approved"",""In Review"",""In Review"",""Submitted"",""Submitted""]"
ERB-946,2026-03-19T11:11:22.558Z,DMP-1803,true,"[""Approved"",""Approved"",""In Review"",""In Review"",""Submitted"",""Submitted"",""Waiting for approval"",""Waiting for approval"",""Draft"",""Draft"",""Waiting for approval"",""Waiting for approval""]"
ERB-931,2026-03-18T09:46:26.056Z,DMP-1704,true,"[""Approved"",""Approved"",""In Review"",""In Review"",""Submitted"",""Submitted"",""Waiting for approval"",""Waiting for approval""]"
ERB-881,2026-03-13T12:54:48.662Z,DMP-1675,true,"[""Approved"",""Approved"",""In Review"",""In Review"",""Submitted"",""Submitted"",""Waiting for approval"",""Waiting for approval""]"
ERB-815,2026-03-06T12:34:56.294Z,DMP-1727,true,"[""Approved"",""Approved"",""In Review"",""In Review"",""Submitted"",""Submitted"",""Waiting for approval"",""Waiting for approval""]"
ERB-800,2026-03-05T10:53:33.678Z,DMP-1325,true,"[""Approved"",""Approved"",""In Review"",""In Review"",""Submitted"",""Submitted"",""Waiting for approval"",""Waiting for approval"",""Draft"",""Draft"",""Waiting for approval"",""Waiting for approval""]"
ERB-843,2026-03-10T15:11:38.815Z,DMP-1764,true,"[""Approved"",""Approved"",""In Review"",""In Review"",""Submitted"",""Submitted""]"
ERB-1541,2026-06-25T14:45:22.659Z,DMP-2763,true,"[""Approved"",""Approved"",""In Review"",""In Review"",""Submitted"",""Submitted"",""Minor revisions"",""Minor revisions"",""In Review"",""In Review"",""Submitted"",""Submitted""]"
ERB-1250,2026-04-30T12:54:28.373Z,DMP-2335,true,"[""Approved"",""Approved"",""In Review"",""In Review"",""Submitted"",""Submitted"",""Waiting for approval"",""Waiting for approval""]"
ERB-1318,2026-05-08T13:07:55.789Z,DMP-1755,true,"[""Approved"",""Approved"",""In Review"",""In Review"",""Submitted"",""Submitted"",""Waiting for approval"",""Waiting for approval""]"
ERB-1308,2026-05-07T14:58:12.841Z,DMP-2422,true,"[""Approved"",""Approved"",""In Review"",""In Review"",""Submitted"",""Submitted"",""Waiting for approval"",""Waiting for approval""]"
ERB-1210,2026-04-24T14:08:06.694Z,DMP-2288,true,"[""Approved"",""Approved"",""In Review"",""In Review"",""Submitted"",""Submitted"",""Waiting for approval"",""Waiting for approval""]"
ERB-1004,2026-03-25T09:50:58.868Z,DMP-1994,true,"[""Approved"",""Approved"",""In Review"",""In Review"",""Submitted"",""Submitted""]"
ERB-1519,2026-06-16T13:12:32.347Z,DMP-2741,true,"[""Approved"",""Approved"",""In Review"",""In Review"",""Submitted"",""Submitted"",""Major revisions"",""Major revisions"",""In Review"",""In Review"",""Submitted"",""Submitted"",""Major revisions"",""Major revisions"",""In Review"",""In Review"",""Submitted"",""Submitted"",""Major revisions"",""Major revisions"",""In Review"",""In Review"",""Submitted"",""Submitted""]"
ERB-985,2026-03-23T15:32:09.527Z,DMP-1862,true,"[""Approved"",""Approved"",""In Review"",""In Review"",""Submitted"",""Submitted"",""Waiting for approval"",""Waiting for approval"",""Major revisions"",""Major revisions"",""In Review"",""In Review"",""Submitted"",""Submitted"",""Waiting for approval"",""Waiting for approval""]"
ERB-939,2026-03-18T18:05:41.723Z,DMP-1838,true,"[""Approved"",""Approved"",""In Review"",""In Review"",""Submitted"",""Submitted"",""Waiting for approval"",""Waiting for approval""]"
ERB-385,2025-09-25T15:08:04.941Z,DMP-717,false,"[""Retracted"",""Retracted"",""Submitted"",""Submitted""]"
ERB-1302,2026-05-07T11:07:24.525Z,DMP-2418,true,"[""Approved"",""Approved"",""In Review"",""In Review"",""Submitted"",""Submitted"",""Waiting for approval"",""Waiting for approval""]"
ERB-527,2025-11-20T11:40:04.549Z,DMP-1081,true,"[""Approved"",""Approved"",""In Review"",""In Review"",""Submitted"",""Submitted""]"
ERB-488,2025-11-04T20:43:43.971Z,DMP-992,true,"[""Approved"",""Approved"",""In Review"",""In Review"",""Submitted"",""Submitted""]"
ERB-512,2025-11-17T12:08:43.798Z,DMP-1059,true,"[""Approved"",""Approved"",""In Review"",""In Review"",""Submitted"",""Submitted"",""Minor revisions"",""Minor revisions"",""In Review"",""In Review"",""Submitted"",""Submitted"",""Minor revisions"",""Minor revisions"",""In Review"",""In Review"",""Submitted"",""Submitted""]"
ERB-386,2025-09-25T15:17:14.543Z,DMP-789,true,"[""Approved"",""Approved"",""In Review"",""In Review"",""Submitted"",""Submitted""]"
ERB-640,2026-01-15T16:46:16.502Z,DMP-1363,true,"[""Approved"",""Approved"",""In Review"",""In Review"",""Submitted"",""Submitted"",""Major revisions"",""Major revisions"",""In Review"",""In Review"",""Submitted"",""Submitted""]"
ERB-978,2026-03-22T21:56:26.901Z,DMP-1977,true,"[""Approved"",""Approved"",""In Review"",""In Review"",""Submitted"",""Submitted"",""Waiting for approval"",""Waiting for approval""]"
ERB-989,2026-03-23T20:39:01.336Z,DMP-1991,true,"[""Approved"",""Approved"",""In Review"",""In Review"",""Submitted"",""Submitted"",""Waiting for approval"",""Waiting for approval""]"
ERB-1505,2026-06-10T16:50:29.726Z,DMP-2724,true,"[""Approved"",""Approved"",""In Review"",""In Review"",""Submitted"",""Submitted""]"
ERB-1277,2026-05-04T15:41:22.122Z,DMP-2379,true,"[""Approved"",""Approved"",""In Review"",""In Review"",""Submitted"",""Submitted"",""Waiting for approval"",""Waiting for approval""]"
ERB-1390,2026-05-19T11:43:17.041Z,DMP-2460,true,"[""Approved"",""Approved"",""In Review"",""In Review"",""Submitted"",""Submitted"",""Waiting for approval"",""Waiting for approval""]"
ERB-1021,2026-03-25T15:58:45.960Z,DMP-1569,true,"[""Approved"",""Approved"",""In Review"",""In Review"",""Submitted"",""Submitted"",""Waiting for approval"",""Waiting for approval""]"
ERB-1347,2026-05-12T13:43:05.354Z,DMP-2482,true,"[""Approved"",""Approved"",""In Review"",""In Review"",""Submitted"",""Submitted""]"
ERB-902,2026-03-16T16:03:36.997Z,DMP-1637,true,"[""Approved"",""Approved"",""In Review"",""In Review"",""Submitted"",""Submitted"",""Waiting for approval"",""Waiting for approval""]"
ERB-936,2026-03-18T16:05:37.179Z,DMP-1788,true,"[""Approved"",""Approved"",""In Review"",""In Review"",""Submitted"",""Submitted"",""Waiting for approval"",""Waiting for approval""]"
ERB-414,2025-10-02T15:38:00.205Z,DMP-840,true,"[""Approved"",""Approved"",""In Review"",""In Review"",""Submitted"",""Submitted""]"
ERB-783,2026-03-04T08:38:57.684Z,DMP-1667,true,"[""Approved"",""Approved"",""In Review"",""In Review"",""Submitted"",""Submitted"",""Minor revisions"",""Minor revisions"",""In Review"",""In Review"",""Submitted"",""Submitted"",""Waiting for approval"",""Waiting for approval""]"
ERB-1579,2026-08-03T10:14:58.609Z,DMP-2896,true,"[""Approved"",""Approved"",""In Review"",""In Review"",""Submitted"",""Submitted""]"
ERB-1327,2026-05-11T11:19:10.188Z,DMP-2452,false,"[""Minor revisions"",""Minor revisions"",""In Review"",""In Review"",""Submitted"",""Submitted"",""Waiting for approval"",""Waiting for approval"",""Draft"",""Draft"",""Waiting for approval"",""Waiting for approval""]"
ERB-1214,2026-04-25T17:28:26.788Z,DMP-2295,true,"[""Approved"",""Approved"",""In Review"",""In Review"",""Submitted"",""Submitted"",""Waiting for approval"",""Waiting for approval""]"
ERB-704,2026-02-09T11:51:58.862Z,DMP-1500,true,"[""Approved"",""Approved"",""In Review"",""In Review"",""Submitted"",""Submitted"",""Waiting for approval"",""Waiting for approval"",""Draft"",""Draft"",""Waiting for approval"",""Waiting for approval""]"
ERB-403,2025-10-01T11:47:47.814Z,DMP-766,true,"[""Approved"",""Approved"",""In Review"",""In Review"",""Submitted"",""Submitted""]"
ERB-1274,2026-05-04T13:23:07.660Z,DMP-2375,true,"[""Approved"",""Approved"",""In Review"",""In Review"",""Submitted"",""Submitted"",""Waiting for approval"",""Waiting for approval"",""Draft"",""Draft"",""Retracted"",""Retracted"",""Draft"",""Draft"",""Waiting for approval"",""Waiting for approval""]"
ERB-1092,2026-04-07T18:11:17.375Z,DMP-2098,true,"[""Approved"",""Approved"",""In Review"",""In Review"",""Submitted"",""Submitted"",""Waiting for approval"",""Waiting for approval""]"
ERB-1604,2026-08-21T13:11:23.800Z,DMP-2934,false,"[""In Review"",""In Review"",""Submitted"",""Submitted""]"
ERB-539,2025-11-26T14:50:09.345Z,DMP-1068,true,"[""Approved"",""Approved"",""In Review"",""In Review"",""Submitted"",""Submitted"",""Minor revisions"",""Minor revisions"",""In Review"",""In Review"",""Submitted"",""Submitted""]"
ERB-428,2025-10-08T10:04:42.968Z,DMP-829,true,"[""Approved"",""Approved"",""In Review"",""In Review"",""Submitted"",""Submitted""]"
ERB-1412,2026-05-22T12:46:49.118Z,DMP-2332,true,"[""Approved"",""Approved"",""In Review"",""In Review"",""Submitted"",""Submitted"",""Waiting for approval"",""Waiting for approval""]"
ERB-1553,2026-07-01T09:38:13.048Z,DMP-2806,false,"[""Retracted"",""Retracted""]"
ERB-516,2025-11-18T09:29:21.382Z,DMP-997,true,"[""Approved"",""Approved"",""In Review"",""In Review"",""Submitted"",""Submitted"",""Major revisions"",""Major revisions"",""In Review"",""In Review"",""Submitted"",""Submitted""]"
ERB-1493,2026-06-07T17:55:37.451Z,DMP-2699,false,"[""Waiting for approval"",""Waiting for approval""]"
ERB-612,2025-12-23T13:08:23.066Z,DMP-1249,true,"[""Approved"",""Approved"",""In Review"",""In Review"",""Submitted"",""Submitted""]"
ERB-1534,2026-06-22T14:06:49.670Z,DMP-2757,true,"[""Approved"",""Approved"",""In Review"",""In Review"",""Submitted"",""Submitted""]"
ERB-408,2025-10-01T15:38:34.719Z,DMP-820,true,"[""Approved"",""Approved"",""In Review"",""In Review"",""Submitted"",""Submitted"",""Minor revisions"",""Minor revisions"",""In Review"",""In Review"",""Submitted"",""Submitted""]"
ERB-1194,2026-04-22T21:56:55.433Z,DMP-2262,true,"[""Approved"",""Approved"",""In Review"",""In Review"",""Submitted"",""Submitted"",""Waiting for approval"",""Waiting for approval""]"
ERB-1439,2026-05-27T09:26:21.010Z,DMP-1654,true,"[""Approved"",""Approved"",""In Review"",""In Review"",""Submitted"",""Submitted""]"
ERB-699,2026-02-06T09:33:31.390Z,DMP-1464,true,"[""Approved"",""Approved"",""In Review"",""In Review"",""Submitted"",""Submitted"",""Major revisions"",""Major revisions"",""In Review"",""In Review"",""Submitted"",""Submitted""]"
ERB-862,2026-03-12T16:28:33.838Z,DMP-1832,true,"[""Approved"",""Approved"",""In Review"",""In Review"",""Submitted"",""Submitted"",""Minor revisions"",""Minor revisions"",""In Review"",""In Review"",""Submitted"",""Submitted"",""Minor revisions"",""Minor revisions"",""In Review"",""In Review"",""Submitted"",""Submitted""]"
ERB-763,2026-02-26T15:54:12.773Z,DMP-1632,false,"[""Inactive"",""Inactive"",""Minor revisions"",""Minor revisions"",""In Review"",""In Review"",""Submitted"",""Submitted""]"
ERB-1101,2026-04-08T15:56:37.111Z,DMP-1557,true,"[""Approved"",""Approved"",""In Review"",""In Review"",""Submitted"",""Submitted"",""Waiting for approval"",""Waiting for approval""]"
ERB-373,2025-09-24T11:49:03.751Z,DMP-773,true,"[""Approved"",""Approved"",""In Review"",""In Review"",""Submitted"",""Submitted""]"
ERB-1332,2026-05-11T14:51:05.984Z,DMP-2464,true,"[""Approved"",""Approved"",""In Review"",""In Review"",""Submitted"",""Submitted"",""Waiting for approval"",""Waiting for approval"",""Draft"",""Draft"",""Waiting for approval"",""Waiting for approval""]"
ERB-923,2026-03-17T17:01:46.016Z,DMP-1892,true,"[""Approved"",""Approved"",""In Review"",""In Review"",""Submitted"",""Submitted"",""Waiting for approval"",""Waiting for approval""]"
ERB-1128,2026-04-14T13:10:15.662Z,DMP-2026,true,"[""Approved"",""Approved"",""In Review"",""In Review"",""Submitted"",""Submitted"",""Waiting for approval"",""Waiting for approval""]"
ERB-735,2026-02-18T14:45:40.369Z,DMP-1566,true,"[""Approved"",""Approved"",""In Review"",""In Review"",""Submitted"",""Submitted"",""Minor revisions"",""Minor revisions"",""In Review"",""In Review"",""Submitted"",""Submitted"",""Waiting for approval"",""Waiting for approval"",""Draft"",""Draft"",""Waiting for approval"",""Waiting for approval""]"
ERB-395,2025-09-29T15:15:21.653Z,DMP-812,true,"[""Approved"",""Approved"",""In Review"",""In Review"",""Submitted"",""Submitted"",""Major revisions"",""Major revisions"",""In Review"",""In Review"",""Submitted"",""Submitted""]"
ERB-744,2026-02-20T13:38:05.882Z,DMP-1465,true,"[""Approved"",""Approved"",""In Review"",""In Review"",""Submitted"",""Submitted""]"
ERB-727,2026-02-17T17:06:39.894Z,DMP-1517,true,"[""Approved"",""Approved"",""In Review"",""In Review"",""Submitted"",""Submitted""]"
ERB-889,2026-03-15T11:23:46.714Z,DMP-1850,true,"[""Approved"",""Approved"",""In Review"",""In Review"",""Submitted"",""Submitted"",""Waiting for approval"",""Waiting for approval"",""Draft"",""Draft"",""Waiting for approval"",""Waiting for approval""]"
ERB-493,2025-11-06T15:04:21.428Z,DMP-1021,true,"[""Approved"",""Approved"",""In Review"",""In Review"",""Submitted"",""Submitted""]"
ERB-977,2026-03-22T20:57:09.044Z,DMP-1976,true,"[""Approved"",""Approved"",""In Review"",""In Review"",""Submitted"",""Submitted"",""Waiting for approval"",""Waiting for approval""]"
ERB-417,2025-10-03T15:11:11.512Z,DMP-777,true,"[""Approved"",""Approved"",""In Review"",""In Review"",""Submitted"",""Submitted""]"
ERB-690,2026-02-04T14:03:32.799Z,DMP-1402,false,"[""Minor revisions"",""Minor revisions"",""In Review"",""In Review"",""Submitted"",""Submitted"",""Major revisions"",""Major revisions"",""In Review"",""In Review"",""Submitted"",""Submitted""]"
ERB-1165,2026-04-17T16:19:40.155Z,DMP-2207,true,"[""Approved"",""Approved"",""In Review"",""In Review"",""Submitted"",""Submitted"",""Waiting for approval"",""Waiting for approval"",""Draft"",""Draft"",""Waiting for approval"",""Waiting for approval""]"
ERB-353,2025-09-16T16:59:09.782Z,DMP-729,true,"[""Approved"",""Approved"",""In Review"",""In Review"",""Submitted"",""Submitted"",""Minor revisions"",""Minor revisions"",""In Review"",""In Review"",""Submitted"",""Submitted""]"
ERB-930,2026-03-18T09:33:30.193Z,DMP-1922,true,"[""Approved"",""Approved"",""In Review"",""In Review"",""Submitted"",""Submitted""]"
ERB-1143,2026-04-15T15:15:51.842Z,DMP-2157,true,"[""Approved"",""Approved"",""In Review"",""In Review"",""Submitted"",""Submitted"",""Waiting for approval"",""Waiting for approval""]"
ERB-1096,2026-04-08T14:54:48.024Z,DMP-2113,true,"[""Approved"",""Approved"",""In Review"",""In Review"",""Submitted"",""Submitted""]"
ERB-722,2026-02-16T14:37:58.149Z,DMP-1553,true,"[""Approved"",""Approved"",""In Review"",""In Review"",""Submitted"",""Submitted"",""Minor revisions"",""Minor revisions"",""In Review"",""In Review"",""Submitted"",""Submitted""]"
ERB-1086,2026-04-06T17:09:00.840Z,DMP-2104,true,"[""Approved"",""Approved"",""In Review"",""In Review"",""Submitted"",""Submitted"",""Waiting for approval"",""Waiting for approval"",""Draft"",""Draft"",""Retracted"",""Retracted"",""Draft"",""Draft"",""Waiting for approval"",""Waiting for approval""]"
ERB-409,2025-10-01T16:03:26.595Z,DMP-834,true,"[""Approved"",""Approved"",""In Review"",""In Review"",""Submitted"",""Submitted""]"
ERB-728,2026-02-18T09:58:57.213Z,DMP-1542,true,"[""Approved"",""Approved"",""In Review"",""In Review"",""Submitted"",""Submitted"",""Waiting for approval"",""Waiting for approval"",""Draft"",""Draft"",""Waiting for approval"",""Waiting for approval""]"
ERB-464,2025-10-23T17:07:59.026Z,DMP-962,true,"[""Approved"",""Approved"",""In Review"",""In Review"",""Submitted"",""Submitted"",""Minor revisions"",""Minor revisions"",""In Review"",""In Review"",""Submitted"",""Submitted""]"
ERB-773,2026-03-02T10:19:45.511Z,DMP-1555,true,"[""Approved"",""Approved"",""In Review"",""In Review"",""Submitted"",""Submitted"",""Waiting for approval"",""Waiting for approval"",""Draft"",""Draft"",""Waiting for approval"",""Waiting for approval""]"
ERB-1592,2026-08-10T15:29:21.195Z,DMP-2913,true,"[""Approved"",""Approved"",""In Review"",""In Review"",""Submitted"",""Submitted""]"
ERB-671,2026-01-28T16:22:36.666Z,DMP-1344,true,"[""Approved"",""Approved"",""In Review"",""In Review"",""Submitted"",""Submitted"",""Minor revisions"",""Minor revisions"",""In Review"",""In Review"",""Submitted"",""Submitted""]"
ERB-1031,2026-03-26T10:34:33.987Z,DMP-2010,true,"[""Approved"",""Approved"",""In Review"",""In Review"",""Submitted"",""Submitted"",""Waiting for approval"",""Waiting for approval""]"
ERB-1408,2026-05-22T10:28:51.537Z,DMP-2568,true,"[""Approved"",""Approved"",""In Review"",""In Review"",""Submitted"",""Submitted"",""Waiting for approval"",""Waiting for approval""]"
ERB-368,2025-09-23T11:58:29.672Z,DMP-566,true,"[""Approved"",""Approved"",""Generating pre-registration"",""Generating pre-registration"",""Approved"",""Approved"",""Generating pre-registration"",""Generating pre-registration"",""Approved"",""Approved"",""In Review"",""In Review"",""Submitted"",""Submitted""]"
ERB-623,2026-01-08T10:56:34.626Z,DMP-1336,true,"[""Approved"",""Approved"",""In Review"",""In Review"",""Submitted"",""Submitted"",""Minor revisions"",""Minor revisions"",""In Review"",""In Review"",""Submitted"",""Submitted"",""Minor revisions"",""Minor revisions"",""In Review"",""In Review"",""Submitted"",""Submitted""]"
ERB-327,2025-09-01T17:35:09.054Z,DMP-668,true,"[""Approved"",""Approved"",""In Review"",""In Review"",""Submitted"",""Submitted"",""Minor revisions"",""Minor revisions"",""In Review"",""In Review"",""Submitted"",""Submitted""]"
ERB-1248,2026-04-30T11:53:42.460Z,DMP-2269,true,"[""Approved"",""Approved"",""In Review"",""In Review"",""Submitted"",""Submitted"",""Waiting for approval"",""Waiting for approval""]"
ERB-427,2025-10-07T11:39:35.386Z,DMP-867,true,"[""Approved"",""Approved"",""In Review"",""In Review"",""Submitted"",""Submitted""]"
ERB-1560,2026-07-03T15:42:33.031Z,DMP-2830,false,"[""Submitted"",""Submitted""]"
ERB-352,2025-09-16T16:46:19.110Z,DMP-719,true,"[""Approved"",""Approved"",""In Review"",""In Review"",""Submitted"",""Submitted""]"
ERB-779,2026-03-02T16:12:41.335Z,DMP-1651,true,"[""Approved"",""Approved"",""In Review"",""In Review"",""Submitted"",""Submitted"",""Waiting for approval"",""Waiting for approval"",""Draft"",""Draft"",""Retracted"",""Retracted""]"
ERB-818,2026-03-06T13:28:31.581Z,DMP-1735,true,"[""Approved"",""Approved"",""In Review"",""In Review"",""Submitted"",""Submitted"",""Waiting for approval"",""Waiting for approval"",""Draft"",""Draft"",""Waiting for approval"",""Waiting for approval""]"
ERB-694,2026-02-04T20:46:19.880Z,DMP-1483,true,"[""Approved"",""Approved"",""In Review"",""In Review"",""Submitted"",""Submitted"",""Waiting for approval"",""Waiting for approval"",""Draft"",""Draft"",""Waiting for approval"",""Waiting for approval""]"
ERB-1178,2026-04-21T13:11:23.424Z,DMP-2239,true,"[""Approved"",""Approved"",""In Review"",""In Review"",""Submitted"",""Submitted"",""Waiting for approval"",""Waiting for approval"",""Draft"",""Draft"",""Retracted"",""Retracted"",""Draft"",""Draft"",""Retracted"",""Retracted"",""Draft"",""Draft"",""Waiting for approval"",""Waiting for approval""]"
ERB-1516,2026-06-15T18:23:52.601Z,DMP-1354,true,"[""Approved"",""Approved"",""In Review"",""In Review"",""Submitted"",""Submitted"",""Waiting for approval"",""Waiting for approval"",""Draft"",""Draft"",""Waiting for approval"",""Waiting for approval""]"
ERB-1201,2026-04-23T15:13:40.795Z,DMP-2268,true,"[""Approved"",""Approved"",""In Review"",""In Review"",""Submitted"",""Submitted"",""Waiting for approval"",""Waiting for approval"",""Draft"",""Draft"",""Waiting for approval"",""Waiting for approval"",""Draft"",""Draft"",""Waiting for approval"",""Waiting for approval"",""Draft"",""Draft"",""Waiting for approval"",""Waiting for approval""]"
ERB-1299,2026-05-07T05:56:00.456Z,DMP-2393,true,"[""Approved"",""Approved"",""In Review"",""In Review"",""Submitted"",""Submitted"",""Minor revisions"",""Minor revisions"",""In Review"",""In Review"",""Submitted"",""Submitted""]"
ERB-1397,2026-05-20T12:34:47.671Z,DMP-2546,true,"[""Approved"",""Approved"",""In Review"",""In Review"",""Submitted"",""Submitted"",""Minor revisions"",""Minor revisions"",""In Review"",""In Review"",""Submitted"",""Submitted"",""Waiting for approval"",""Waiting for approval""]"
ERB-1323,2026-05-11T07:40:13.937Z,DMP-2372,true,"[""Approved"",""Approved"",""In Review"",""In Review"",""Submitted"",""Submitted"",""Waiting for approval"",""Waiting for approval""]"
ERB-1213,2026-04-24T17:25:38.713Z,DMP-2234,true,"[""Approved"",""Approved"",""In Review"",""In Review"",""Submitted"",""Submitted"",""Waiting for approval"",""Waiting for approval""]"
ERB-1418,2026-05-22T15:11:22.567Z,DMP-2582,true,"[""Approved"",""Approved"",""In Review"",""In Review"",""Submitted"",""Submitted"",""Waiting for approval"",""Waiting for approval"",""Draft"",""Draft"",""Retracted"",""Retracted""]"
ERB-967,2026-03-20T12:08:04.004Z,DMP-1951,true,"[""Approved"",""Approved"",""In Review"",""In Review"",""Submitted"",""Submitted"",""Waiting for approval"",""Waiting for approval""]"
ERB-804,2026-03-05T16:41:22.457Z,null,false,"[""Retracted"",""Retracted"",""Submitted"",""Submitted"",""Draft"",""Draft"",""Retracted"",""Retracted"",""Submitted"",""Submitted"",""Draft"",""Draft"",""Retracted"",""Retracted"",""Submitted"",""Submitted"",""Draft"",""Draft"",""Retracted"",""Retracted"",""Submitted"",""Submitted"",""Draft"",""Draft"",""Retracted"",""Retracted"",""Submitted"",""Submitted"",""Draft"",""Draft"",""Retracted"",""Retracted"",""Submitted"",""Submitted"",""Draft"",""Draft"",""Archived"",""Archived"",""Approved"",""Generating pre-registration"",""Approved""]"
ERB-413,2025-10-02T13:37:03.234Z,DMP-742,true,"[""Approved"",""Approved"",""In Review"",""In Review"",""Submitted"",""Submitted"",""Minor revisions"",""Minor revisions"",""In Review"",""In Review"",""Submitted"",""Submitted""]"
ERB-1286,2026-05-06T09:26:56.622Z,DMP-2368,true,"[""Approved"",""Approved"",""In Review"",""In Review"",""Submitted"",""Submitted"",""Waiting for approval"",""Waiting for approval""]"
ERB-1060,2026-03-30T16:58:09.258Z,DMP-2016,true,"[""Approved"",""Approved"",""In Review"",""In Review"",""Submitted"",""Submitted"",""Waiting for approval"",""Waiting for approval""]"
ERB-915,2026-03-17T15:12:09.218Z,DMP-1225,true,"[""Approved"",""Approved"",""In Review"",""In Review"",""Submitted"",""Submitted"",""Waiting for approval"",""Waiting for approval""]"
ERB-1252,2026-04-30T16:08:18.494Z,DMP-2343,true,"[""Approved"",""Approved"",""In Review"",""In Review"",""Submitted"",""Submitted"",""Waiting for approval"",""Waiting for approval"",""Major revisions"",""Major revisions"",""In Review"",""In Review"",""Submitted"",""Submitted"",""Waiting for approval"",""Waiting for approval""]"
ERB-1063,2026-03-31T09:50:58.547Z,DMP-2038,true,"[""Approved"",""Approved"",""In Review"",""In Review"",""Submitted"",""Submitted"",""Waiting for approval"",""Waiting for approval""]"
ERB-350,2025-09-15T16:53:12.152Z,DMP-721,true,"[""Approved"",""Approved"",""In Review"",""In Review"",""Submitted"",""Submitted"",""Minor revisions"",""Minor revisions"",""In Review"",""In Review"",""Submitted"",""Submitted""]"
ERB-1067,2026-03-31T14:32:46.689Z,DMP-1700,true,"[""Approved"",""Approved"",""In Review"",""In Review"",""Submitted"",""Submitted"",""Waiting for approval"",""Waiting for approval""]"
ERB-1039,2026-03-27T11:44:28.424Z,DMP-2035,true,"[""Approved"",""Approved"",""In Review"",""In Review"",""Submitted"",""Submitted"",""Waiting for approval"",""Waiting for approval""]"
ERB-328,2025-09-02T14:57:39.380Z,DMP-676,true,"[""Approved"",""Approved"",""In Review"",""In Review"",""Submitted"",""Submitted"",""Minor revisions"",""Minor revisions"",""In Review"",""In Review"",""Submitted"",""Submitted""]"
ERB-1202,2026-04-23T16:54:18.570Z,DMP-2276,true,"[""Approved"",""Approved"",""In Review"",""In Review"",""Submitted"",""Submitted"",""Waiting for approval"",""Waiting for approval"",""Draft"",""Draft"",""Waiting for approval"",""Waiting for approval"",""Draft"",""Draft"",""Waiting for approval"",""Waiting for approval""]"
ERB-707,2026-02-10T15:20:23.961Z,DMP-1516,true,"[""Approved"",""Approved"",""In Review"",""In Review"",""Submitted"",""Submitted"",""Waiting for approval"",""Waiting for approval""]"
ERB-335,2025-09-08T16:26:10.239Z,DMP-669,false,"[""Major revisions"",""Major revisions"",""In Review"",""In Review"",""Submitted"",""Submitted""]"
ERB-1526,2026-06-17T15:46:33.150Z,DMP-2708,true,"[""Approved"",""Approved"",""In Review"",""In Review"",""Submitted"",""Submitted"",""Waiting for approval"",""Waiting for approval""]"
ERB-1076,2026-04-02T09:52:08.502Z,DMP-2079,true,"[""Approved"",""Approved"",""In Review"",""In Review"",""Submitted"",""Submitted"",""Waiting for approval"",""Waiting for approval"",""Draft"",""Draft"",""Waiting for approval"",""Waiting for approval""]"
ERB-935,2026-03-18T15:53:22.760Z,DMP-1724,true,"[""Approved"",""Approved"",""In Review"",""In Review"",""Submitted"",""Submitted"",""Waiting for approval"",""Waiting for approval"",""Draft"",""Draft"",""Waiting for approval"",""Waiting for approval""]"
ERB-1577,2026-07-30T13:56:03.585Z,DMP-2875,true,"[""Approved"",""Approved"",""In Review"",""In Review"",""Submitted"",""Submitted"",""Minor revisions"",""Minor revisions"",""In Review"",""In Review"",""Submitted"",""Submitted""]"
ERB-1384,2026-05-19T09:48:32.243Z,DMP-2533,true,"[""Approved"",""Approved"",""In Review"",""In Review"",""Submitted"",""Submitted"",""Waiting for approval"",""Waiting for approval""]"
ERB-1014,2026-03-25T13:50:05.484Z,DMP-1792,true,"[""Approved"",""Approved"",""In Review"",""In Review"",""Submitted"",""Submitted"",""Waiting for approval"",""Waiting for approval""]"
ERB-1364,2026-05-14T14:43:17.791Z,DMP-2509,true,"[""Approved"",""Approved"",""In Review"",""In Review"",""Submitted"",""Submitted"",""Waiting for approval"",""Waiting for approval""]"
ERB-904,2026-03-16T16:33:31.544Z,DMP-1872,true,"[""Approved"",""Approved"",""In Review"",""In Review"",""Submitted"",""Submitted"",""Waiting for approval"",""Waiting for approval""]"
ERB-1059,2026-03-30T16:28:34.089Z,DMP-2048,true,"[""Approved"",""Approved"",""In Review"",""In Review"",""Submitted"",""Submitted"",""Waiting for approval"",""Waiting for approval""]"
ERB-981,2026-03-23T09:47:46.056Z,DMP-1946,true,"[""Approved"",""Approved"",""In Review"",""In Review"",""Submitted"",""Submitted"",""Waiting for approval"",""Waiting for approval""]"
ERB-1593,2026-08-11T14:51:52.320Z,DMP-2821,true,"[""Approved"",""Approved"",""In Review"",""In Review"",""Submitted"",""Submitted""]"
ERB-672,2026-01-29T09:19:04.945Z,DMP-1446,true,"[""Approved"",""Approved"",""In Review"",""In Review"",""Submitted"",""Submitted"",""Minor revisions"",""Minor revisions"",""In Review"",""In Review"",""Submitted"",""Submitted"",""Major revisions"",""Major revisions"",""In Review"",""In Review"",""Submitted"",""Submitted""]"
ERB-511,2025-11-17T12:01:15.886Z,DMP-1043,true,"[""Approved"",""Approved"",""In Review"",""In Review"",""Submitted"",""Submitted""]"
ERB-1258,2026-05-01T12:01:59.667Z,DMP-2349,true,"[""Approved"",""Approved"",""In Review"",""In Review"",""Submitted"",""Submitted"",""Waiting for approval"",""Waiting for approval"",""Draft"",""Draft"",""Retracted"",""Retracted""]"
ERB-1319,2026-05-08T13:18:34.828Z,DMP-2438,true,"[""Approved"",""Approved"",""In Review"",""In Review"",""Submitted"",""Submitted"",""Waiting for approval"",""Waiting for approval""]"
ERB-1113,2026-04-09T17:49:14.289Z,DMP-2141,true,"[""Approved"",""Approved"",""In Review"",""In Review"",""Submitted"",""Submitted"",""Waiting for approval"",""Waiting for approval""]"
ERB-913,2026-03-17T14:47:37.744Z,DMP-1907,true,"[""Approved"",""Approved"",""In Review"",""In Review"",""Submitted"",""Submitted"",""Waiting for approval"",""Waiting for approval""]"
ERB-1419,2026-05-22T16:27:44.139Z,DMP-2583,true,"[""Approved"",""Approved"",""In Review"",""In Review"",""Submitted"",""Submitted"",""Waiting for approval"",""Waiting for approval"",""Draft"",""Draft"",""Retracted"",""Retracted"",""Draft"",""Draft"",""Waiting for approval"",""Waiting for approval""]"
ERB-1204,2026-04-24T09:49:44.352Z,DMP-2280,true,"[""Approved"",""Approved"",""In Review"",""In Review"",""Submitted"",""Submitted"",""Waiting for approval"",""Waiting for approval""]"
ERB-462,2025-10-23T10:05:05.172Z,DMP-952,true,"[""Approved"",""Approved"",""In Review"",""In Review"",""Submitted"",""Submitted""]"
ERB-982,2026-03-23T14:04:47.923Z,DMP-1958,true,"[""Approved"",""Approved"",""In Review"",""In Review"",""Submitted"",""Submitted"",""Waiting for approval"",""Waiting for approval"",""Draft"",""Draft"",""Waiting for approval"",""Waiting for approval"",""Draft"",""Draft"",""Waiting for approval"",""Waiting for approval""]"
ERB-807,2026-03-06T08:37:29.268Z,DMP-1716,true,"[""Approved"",""Approved"",""In Review"",""In Review"",""Submitted"",""Submitted""]"
ERB-1461,2026-06-01T00:21:14.302Z,DMP-2637,true,"[""Approved"",""Approved"",""In Review"",""In Review"",""Submitted"",""Submitted"",""Waiting for approval"",""Waiting for approval""]"
ERB-1551,2026-06-29T16:03:39.331Z,DMP-2798,true,"[""Approved"",""Approved"",""In Review"",""In Review"",""Submitted"",""Submitted"",""Waiting for approval"",""Waiting for approval"",""Draft"",""Draft"",""Waiting for approval"",""Waiting for approval""]"
ERB-1373,2026-05-18T09:05:09.142Z,DMP-2523,true,"[""Approved"",""Approved"",""In Review"",""In Review"",""Submitted"",""Submitted"",""Waiting for approval"",""Waiting for approval""]"
ERB-1381,2026-05-18T17:15:59.300Z,DMP-2529,true,"[""Approved"",""Approved"",""In Review"",""In Review"",""Submitted"",""Submitted"",""Waiting for approval"",""Waiting for approval""]"
ERB-1480,2026-06-03T10:37:11.269Z,DMP-1382,true,"[""Approved"",""Approved"",""In Review"",""In Review"",""Submitted"",""Submitted"",""Waiting for approval"",""Waiting for approval""]"
ERB-552,2025-12-02T13:17:05.484Z,DMP-1176,true,"[""Approved"",""Approved"",""In Review"",""In Review"",""Submitted"",""Submitted""]"
ERB-364,2025-09-22T16:44:04.530Z,DMP-755,true,"[""Approved"",""Approved"",""In Review"",""In Review"",""Submitted"",""Submitted"",""Minor revisions"",""Minor revisions"",""In Review"",""In Review"",""Submitted"",""Submitted""]"
ERB-969,2026-03-20T12:50:12.415Z,DMP-1950,true,"[""Approved"",""Approved"",""In Review"",""In Review"",""Submitted"",""Submitted"",""Waiting for approval"",""Waiting for approval""]"
ERB-1465,2026-06-01T13:41:41.858Z,DMP-2608,true,"[""Approved"",""Approved"",""In Review"",""In Review"",""Submitted"",""Submitted"",""Waiting for approval"",""Waiting for approval""]"
ERB-478,2025-10-30T18:08:23.348Z,DMP-1002,true,"[""Approved"",""Approved"",""In Review"",""In Review"",""Submitted"",""Submitted"",""Major revisions"",""Major revisions"",""In Review"",""In Review"",""Submitted"",""Submitted""]"
ERB-844,2026-03-11T09:48:58.155Z,DMP-1763,true,"[""Approved"",""Approved"",""In Review"",""In Review"",""Submitted"",""Submitted""]"
ERB-1179,2026-04-21T15:12:48.311Z,DMP-2241,true,"[""Approved"",""Approved"",""In Review"",""In Review"",""Submitted"",""Submitted"",""Waiting for approval"",""Waiting for approval""]"
ERB-874,2026-03-13T10:37:15.368Z,DMP-1754,true,"[""Approved"",""Approved"",""In Review"",""In Review"",""Submitted"",""Submitted"",""Waiting for approval"",""Waiting for approval""]"
ERB-709,2026-02-11T10:30:40.623Z,DMP-1518,true,"[""Approved"",""Approved"",""In Review"",""In Review"",""Submitted"",""Submitted"",""Minor revisions"",""Minor revisions"",""In Review"",""In Review"",""Submitted"",""Submitted""]"
ERB-646,2026-01-19T12:37:49.987Z,DMP-1331,true,"[""Approved"",""Approved"",""In Review"",""In Review"",""Submitted"",""Submitted"",""Major revisions"",""Major revisions"",""In Review"",""In Review"",""Submitted"",""Submitted""]"
ERB-593,2025-12-16T10:17:47.649Z,DMP-1251,true,"[""Approved"",""Approved"",""In Review"",""In Review"",""Submitted"",""Submitted"",""Major revisions"",""Major revisions"",""In Review"",""In Review"",""Submitted"",""Submitted""]"
ERB-854,2026-03-12T12:20:01.869Z,DMP-1827,true,"[""Approved"",""Approved"",""In Review"",""In Review"",""Submitted"",""Submitted"",""Waiting for approval"",""Waiting for approval""]"
ERB-1230,2026-04-28T14:01:41.530Z,DMP-2304,true,"[""Approved"",""Approved"",""In Review"",""In Review"",""Submitted"",""Submitted"",""Waiting for approval"",""Waiting for approval""]"
ERB-1276,2026-05-04T13:38:37.482Z,DMP-2378,true,"[""Approved"",""Approved"",""In Review"",""In Review"",""Submitted"",""Submitted"",""Waiting for approval"",""Waiting for approval""]"
ERB-855,2026-03-12T12:59:35.633Z,DMP-1786,true,"[""Approved"",""Approved"",""In Review"",""In Review"",""Submitted"",""Submitted"",""Waiting for approval"",""Waiting for approval"",""Draft"",""Draft"",""Waiting for approval"",""Waiting for approval""]"
ERB-1341,2026-05-11T16:29:40.251Z,DMP-2454,false,[]
ERB-1305,2026-05-07T12:06:30.442Z,DMP-2419,true,"[""Approved"",""Approved"",""In Review"",""In Review"",""Submitted"",""Submitted"",""Minor revisions"",""Minor revisions"",""In Review"",""In Review"",""Submitted"",""Submitted""]"
ERB-1544,2026-06-26T09:33:14.921Z,DMP-2780,false,"[""Submitted"",""Submitted"",""Waiting for approval"",""Waiting for approval""]"
ERB-1053,2026-03-30T11:42:58.892Z,DMP-2045,true,"[""Approved"",""Approved"",""In Review"",""In Review"",""Submitted"",""Submitted"",""Waiting for approval"",""Waiting for approval""]"
ERB-393,2025-09-29T14:10:00.003Z,DMP-810,true,"[""Approved"",""Approved"",""In Review"",""In Review"",""Submitted"",""Submitted""]"
ERB-1090,2026-04-07T14:28:49.363Z,DMP-2115,true,"[""Approved"",""Approved"",""In Review"",""In Review"",""Submitted"",""Submitted"",""Waiting for approval"",""Waiting for approval""]"
ERB-1038,2026-03-27T10:32:35.776Z,DMP-2032,true,"[""Approved"",""Approved"",""In Review"",""In Review"",""Submitted"",""Submitted""]"
ERB-1167,2026-04-20T09:45:47.929Z,DMP-2220,true,"[""Approved"",""Approved"",""In Review"",""In Review"",""Submitted"",""Submitted"",""Waiting for approval"",""Waiting for approval""]"
ERB-1450,2026-05-28T11:26:18.831Z,DMP-2526,true,"[""Approved"",""Approved"",""In Review"",""In Review"",""Submitted"",""Submitted""]"
ERB-732,2026-02-18T12:41:09.219Z,DMP-1473,true,"[""Approved"",""Approved"",""In Review"",""In Review"",""Submitted"",""Submitted"",""Minor revisions"",""Minor revisions"",""In Review"",""In Review"",""Submitted"",""Submitted""]"
ERB-785,2026-03-04T14:26:17.883Z,DMP-1680,true,"[""Approved"",""Approved"",""In Review"",""In Review"",""Submitted"",""Submitted"",""Waiting for approval"",""Waiting for approval""]"
ERB-1149,2026-04-15T17:19:08.289Z,DMP-2162,true,"[""Approved"",""Approved"",""In Review"",""In Review"",""Submitted"",""Submitted"",""Minor revisions"",""Minor revisions"",""In Review"",""In Review"",""Submitted"",""Submitted"",""Waiting for approval"",""Waiting for approval""]"
ERB-591,2025-12-15T16:32:16.617Z,DMP-1109,true,"[""Approved"",""Approved"",""In Review"",""In Review"",""Submitted"",""Submitted""]"
ERB-438,2025-10-12T20:12:32.837Z,DMP-836,true,"[""Approved"",""Approved"",""In Review"",""In Review"",""Submitted"",""Submitted"",""Minor revisions"",""Minor revisions"",""In Review"",""In Review"",""Submitted"",""Submitted""]"
ERB-900,2026-03-16T14:47:57.381Z,DMP-1673,true,"[""Approved"",""Approved"",""In Review"",""In Review"",""Submitted"",""Submitted"",""Waiting for approval"",""Waiting for approval""]"
ERB-1576,2026-07-28T14:59:44.636Z,DMP-2881,true,"[""Approved"",""Approved"",""In Review"",""In Review"",""Submitted"",""Submitted""]"
ERB-730,2026-02-18T11:53:40.524Z,DMP-1107,true,"[""Approved"",""Approved"",""In Review"",""In Review"",""Submitted"",""Submitted"",""Waiting for approval"",""Waiting for approval"",""Major revisions"",""Major revisions"",""In Review"",""In Review"",""Submitted"",""Submitted"",""Waiting for approval"",""Waiting for approval""]"
ERB-447,2025-10-14T15:20:46.823Z,DMP-800,true,"[""Approved"",""Approved"",""In Review"",""In Review"",""Submitted"",""Submitted""]"
ERB-806,2026-03-05T18:00:54.446Z,DMP-1696,true,"[""Approved"",""Approved"",""In Review"",""In Review"",""Submitted"",""Submitted"",""Waiting for approval"",""Waiting for approval"",""Major revisions"",""Major revisions"",""In Review"",""In Review"",""Submitted"",""Submitted"",""Waiting for approval"",""Waiting for approval""]"
ERB-746,2026-02-22T13:02:51.456Z,DMP-1586,true,"[""Approved"",""Approved"",""In Review"",""In Review"",""Submitted"",""Submitted""]"
ERB-1562,2026-07-07T13:21:21.767Z,DMP-2844,true,"[""Approved"",""Approved"",""In Review"",""In Review"",""Submitted"",""Submitted""]"
ERB-1046,2026-03-27T16:56:22.153Z,DMP-2040,true,"[""Approved"",""Approved"",""In Review"",""In Review"",""Submitted"",""Submitted"",""Waiting for approval"",""Waiting for approval"",""Draft"",""Draft"",""Waiting for approval"",""Waiting for approval""]"
ERB-1168,2026-04-20T10:36:24.927Z,DMP-2222,true,"[""Approved"",""Approved"",""In Review"",""In Review"",""Submitted"",""Submitted"",""Waiting for approval"",""Waiting for approval""]"
ERB-918,2026-03-17T15:24:03.501Z,DMP-1906,false,"[""Retracted"",""Retracted"",""Draft"",""Draft"",""Waiting for approval"",""Waiting for approval"",""Major revisions"",""Major revisions"",""In Review"",""In Review"",""Submitted"",""Submitted"",""Waiting for approval"",""Waiting for approval""]"
ERB-589,2025-12-15T09:49:58.694Z,DMP-1278,true,"[""Approved"",""Approved"",""In Review"",""In Review"",""Submitted"",""Submitted""]"
ERB-950,2026-03-19T12:16:54.414Z,DMP-1791,true,"[""Approved"",""Approved"",""In Review"",""In Review"",""Submitted"",""Submitted"",""Waiting for approval"",""Waiting for approval"",""Draft"",""Draft"",""Waiting for approval"",""Waiting for approval""]"
ERB-706,2026-02-10T09:21:10.337Z,DMP-1509,true,"[""Approved"",""Approved"",""In Review"",""In Review"",""Submitted"",""Submitted"",""Waiting for approval"",""Waiting for approval"",""Draft"",""Draft"",""Waiting for approval"",""Waiting for approval""]"
ERB-851,2026-03-11T17:15:55.121Z,DMP-1815,true,"[""Approved"",""Approved"",""In Review"",""In Review"",""Submitted"",""Submitted"",""Waiting for approval"",""Waiting for approval""]"
ERB-1476,2026-06-02T13:15:46.529Z,DMP-2662,true,"[""Approved"",""Approved"",""In Review"",""In Review"",""Submitted"",""Submitted"",""Waiting for approval"",""Waiting for approval""]"
ERB-882,2026-03-13T14:17:54.739Z,DMP-1674,true,"[""Approved"",""Approved"",""In Review"",""In Review"",""Submitted"",""Submitted"",""Waiting for approval"",""Waiting for approval""]"
ERB-1359,2026-05-13T14:12:28.600Z,DMP-2469,true,"[""Approved"",""Approved"",""In Review"",""In Review"",""Submitted"",""Submitted"",""Waiting for approval"",""Waiting for approval""]"
ERB-1589,2026-08-05T14:44:24.256Z,DMP-2903,true,"[""Approved"",""Approved"",""In Review"",""In Review"",""Submitted"",""Submitted""]"
ERB-1019,2026-03-25T14:54:05.029Z,DMP-1737,true,"[""Approved"",""Approved"",""In Review"",""In Review"",""Submitted"",""Submitted"",""Major revisions"",""Major revisions"",""In Review"",""In Review"",""Submitted"",""Submitted""]"
ERB-363,2025-09-22T15:47:15.805Z,DMP-731,true,"[""Approved"",""Approved"",""In Review"",""In Review"",""Submitted"",""Submitted""]"
ERB-1238,2026-04-29T14:02:51.796Z,DMP-2320,true,"[""Approved"",""Approved"",""Generating pre-registration"",""Generating pre-registration"",""Approved"",""Approved"",""In Review"",""In Review"",""Submitted"",""Submitted"",""Waiting for approval"",""Waiting for approval""]"
ERB-974,2026-03-20T19:50:48.106Z,DMP-1971,true,"[""Approved"",""Approved"",""In Review"",""In Review"",""Submitted"",""Submitted"",""Waiting for approval"",""Waiting for approval""]"
ERB-1280,2026-05-05T16:29:16.941Z,DMP-2355,true,"[""Approved"",""Approved"",""In Review"",""In Review"",""Submitted"",""Submitted"",""Waiting for approval"",""Waiting for approval"",""Draft"",""Draft"",""Waiting for approval"",""Waiting for approval"",""Draft"",""Draft"",""Waiting for approval"",""Waiting for approval""]"
ERB-708,2026-02-11T10:27:54.782Z,DMP-1487,false,"[""Waiting for approval""]"
ERB-829,2026-03-09T15:11:19.886Z,DMP-1705,true,"[""Approved"",""Approved"",""In Review"",""In Review"",""Submitted"",""Submitted"",""Waiting for approval"",""Waiting for approval""]"
ERB-680,2026-02-02T11:14:40.261Z,DMP-1395,true,"[""Approved"",""Approved"",""In Review"",""In Review"",""Submitted"",""Submitted"",""Waiting for approval"",""Waiting for approval""]"
ERB-1135,2026-04-15T11:57:35.904Z,DMP-2111,true,"[""Approved"",""Approved"",""In Review"",""In Review"",""Submitted"",""Submitted"",""Draft"",""Draft"",""Waiting for approval"",""Waiting for approval""]"
ERB-1006,2026-03-25T10:02:46.838Z,DMP-2007,true,"[""Approved"",""Approved"",""In Review"",""In Review"",""Submitted"",""Submitted"",""Waiting for approval"",""Waiting for approval""]"
ERB-884,2026-03-13T15:43:12.190Z,DMP-1856,true,"[""Approved"",""Approved"",""In Review"",""In Review"",""Submitted"",""Submitted"",""Waiting for approval"",""Waiting for approval""]"
ERB-1088,2026-04-07T09:41:29.049Z,DMP-2099,true,"[""Approved"",""Approved"",""In Review"",""In Review"",""Submitted"",""Submitted"",""Waiting for approval"",""Waiting for approval""]"
ERB-857,2026-03-12T13:35:01.514Z,DMP-1775,true,"[""Approved"",""Approved"",""In Review"",""In Review"",""Submitted"",""Submitted"",""Waiting for approval"",""Waiting for approval""]"
ERB-914,2026-03-17T15:11:29.695Z,DMP-1663,true,"[""Approved"",""Approved"",""In Review"",""In Review"",""Submitted"",""Submitted"",""Minor revisions"",""Minor revisions"",""In Review"",""In Review"",""Submitted"",""Submitted""]"
ERB-731,2026-02-18T12:16:17.460Z,DMP-1474,true,"[""Approved"",""Approved"",""In Review"",""In Review"",""Submitted"",""Submitted""]"
ERB-1089,2026-04-07T14:21:44.858Z,DMP-2114,true,"[""Approved"",""Approved"",""In Review"",""In Review"",""Submitted"",""Submitted""]"
ERB-360,2025-09-20T12:49:30.777Z,DMP-749,true,"[""Approved"",""Approved"",""In Review"",""In Review"",""Submitted"",""Submitted""]"
ERB-663,2026-01-26T19:41:08.526Z,DMP-1425,true,"[""Approved"",""Approved"",""In Review"",""In Review"",""Submitted"",""Submitted""]"
ERB-957,2026-03-19T18:36:02.139Z,DMP-1847,true,"[""Approved"",""Approved"",""In Review"",""In Review"",""Submitted"",""Submitted"",""Waiting for approval"",""Waiting for approval""]"
ERB-1598,2026-08-17T12:29:03.736Z,DMP-2921,false,"[""In Review"",""In Review"",""Submitted"",""Submitted""]"
ERB-1595,2026-08-13T10:00:13.165Z,DMP-2917,false,"[""Submitted"",""Waiting for approval""]"
ERB-1437,2026-05-26T14:49:52.474Z,DMP-2598,true,"[""Approved"",""Approved"",""In Review"",""In Review"",""Submitted"",""Submitted"",""Waiting for approval"",""Waiting for approval""]"
ERB-1247,2026-04-30T11:38:10.088Z,DMP-2185,true,"[""Approved"",""Approved"",""In Review"",""In Review"",""Submitted"",""Submitted"",""Waiting for approval"",""Waiting for approval""]"
ERB-1354,2026-05-12T18:03:38.785Z,DMP-2490,true,"[""Approved"",""Approved"",""In Review"",""In Review"",""Submitted"",""Submitted"",""Waiting for approval"",""Waiting for approval"",""Draft"",""Draft"",""Waiting for approval"",""Waiting for approval""]"
ERB-1510,2026-06-11T17:05:28.541Z,DMP-2723,true,"[""Approved"",""Approved"",""In Review"",""In Review"",""Submitted"",""Submitted""]"
ERB-1254,2026-04-30T23:24:43.940Z,DMP-2348,true,"[""Approved"",""Approved"",""In Review"",""In Review"",""Submitted"",""Submitted"",""Waiting for approval"",""Waiting for approval"",""Draft"",""Draft"",""Waiting for approval"",""Waiting for approval""]"
ERB-1378,2026-05-18T15:53:29.402Z,DMP-2528,true,"[""Approved"",""Approved"",""In Review"",""In Review"",""Submitted"",""Submitted"",""Waiting for approval"",""Waiting for approval""]"
ERB-778,2026-03-02T14:43:12.368Z,DMP-1424,true,"[""Approved"",""Approved"",""In Review"",""In Review"",""Submitted"",""Submitted""]"
ERB-698,2026-02-06T07:21:05.644Z,DMP-1491,true,"[""Approved"",""Approved"",""In Review"",""In Review"",""Submitted"",""Submitted""]"
ERB-1216,2026-04-26T14:27:42.196Z,DMP-2264,true,"[""Approved"",""Approved"",""In Review"",""In Review"",""Submitted"",""Submitted"",""Waiting for approval"",""Waiting for approval"",""Draft"",""Draft"",""Waiting for approval"",""Waiting for approval""]"
ERB-894,2026-03-16T11:19:21.561Z,DMP-1869,true,"[""Approved"",""Approved"",""In Review"",""In Review"",""Submitted"",""Submitted"",""Waiting for approval"",""Waiting for approval""]"
ERB-1098,2026-04-08T15:42:44.905Z,DMP-2102,true,"[""Approved"",""Approved"",""In Review"",""In Review"",""Submitted"",""Submitted"",""Waiting for approval"",""Waiting for approval""]"
ERB-482,2025-11-04T08:37:26.408Z,DMP-1000,true,"[""Approved"",""Approved"",""In Review"",""In Review"",""Submitted"",""Submitted""]"
ERB-1478,2026-06-02T20:56:59.939Z,DMP-2665,true,"[""Approved"",""Approved"",""In Review"",""In Review"",""Submitted"",""Submitted"",""Waiting for approval"",""Waiting for approval""]"
ERB-1310,2026-05-07T22:14:30.356Z,DMP-2430,true,"[""Approved"",""Approved"",""In Review"",""In Review"",""Submitted"",""Submitted"",""Waiting for approval"",""Waiting for approval"",""Draft"",""Draft"",""Waiting for approval"",""Waiting for approval""]"
ERB-933,2026-03-18T10:23:09.213Z,DMP-1739,true,"[""Approved"",""Approved"",""In Review"",""In Review"",""Submitted"",""Submitted"",""Waiting for approval"",""Waiting for approval""]"
ERB-871,2026-03-13T10:10:58.631Z,DMP-1778,true,"[""Approved"",""Approved"",""In Review"",""In Review"",""Submitted"",""Submitted"",""Waiting for approval"",""Waiting for approval"",""Draft"",""Draft"",""Waiting for approval"",""Waiting for approval""]"
ERB-1234,2026-04-29T11:27:25.511Z,DMP-2314,true,"[""Approved"",""Approved"",""In Review"",""In Review"",""Submitted"",""Submitted"",""Waiting for approval"",""Waiting for approval"",""Draft"",""Draft"",""Waiting for approval"",""Waiting for approval""]"
ERB-941,2026-03-18T20:43:17.744Z,DMP-1908,true,"[""Approved"",""Approved"",""In Review"",""In Review"",""Submitted"",""Submitted"",""Waiting for approval"",""Waiting for approval"",""Draft"",""Draft"",""Waiting for approval"",""Waiting for approval""]"
ERB-964,2026-03-20T11:10:17.689Z,DMP-1961,true,"[""Approved"",""Approved"",""In Review"",""In Review"",""Submitted"",""Submitted"",""Waiting for approval"",""Waiting for approval""]"
ERB-876,2026-03-13T11:11:52.331Z,DMP-1787,true,"[""Approved"",""Approved"",""In Review"",""In Review"",""Submitted"",""Submitted"",""Waiting for approval"",""Waiting for approval""]"
ERB-1369,2026-05-17T23:21:10.142Z,DMP-2521,true,"[""Approved"",""Approved"",""In Review"",""In Review"",""Submitted"",""Submitted"",""Waiting for approval"",""Waiting for approval""]"
ERB-1237,2026-04-29T13:09:36.284Z,DMP-2312,true,"[""Approved"",""Approved"",""In Review"",""In Review"",""Submitted"",""Submitted""]"
ERB-966,2026-03-20T11:50:06.084Z,DMP-1721,true,"[""Approved"",""Approved"",""In Review"",""In Review"",""Submitted"",""Submitted"",""Waiting for approval"",""Waiting for approval""]"
ERB-1073,2026-04-01T18:26:41.121Z,DMP-1884,true,"[""Approved"",""Approved"",""In Review"",""In Review"",""Submitted"",""Submitted"",""Waiting for approval"",""Waiting for approval""]"
ERB-1495,2026-06-08T10:46:51.554Z,DMP-2688,true,"[""Approved"",""Approved"",""In Review"",""In Review"",""Submitted"",""Submitted"",""Major revisions"",""Major revisions"",""In Review"",""In Review"",""Submitted"",""Submitted""]"
ERB-1255,2026-05-01T10:55:01.003Z,DMP-1945,true,"[""Approved"",""Approved"",""In Review"",""In Review"",""Submitted"",""Submitted"",""Waiting for approval"",""Waiting for approval""]"
ERB-677,2026-01-29T14:49:21.012Z,DMP-1456,true,"[""Approved"",""Approved"",""In Review"",""In Review"",""Submitted"",""Submitted""]"
ERB-1200,2026-04-23T14:38:34.909Z,DMP-2274,true,"[""Approved"",""Approved"",""In Review"",""In Review"",""Submitted"",""Submitted"",""Waiting for approval"",""Waiting for approval""]"
ERB-1010,2026-03-25T12:02:24.470Z,DMP-1918,true,"[""Approved"",""Approved"",""In Review"",""In Review"",""Submitted"",""Submitted"",""Waiting for approval"",""Waiting for approval"",""Draft"",""Draft"",""Waiting for approval"",""Waiting for approval""]"
ERB-459,2025-10-22T10:10:39.724Z,DMP-946,true,"[""Approved"",""Approved"",""In Review"",""In Review"",""Submitted"",""Submitted""]"
ERB-1203,2026-04-23T17:26:40.816Z,DMP-2248,true,"[""Approved"",""Approved"",""In Review"",""In Review"",""Submitted"",""Submitted""]"
ERB-899,2026-03-16T14:35:49.537Z,DMP-1870,true,"[""Approved"",""Approved"",""In Review"",""In Review"",""Submitted"",""Submitted"",""Waiting for approval"",""Waiting for approval"",""Draft"",""Draft"",""Waiting for approval"",""Waiting for approval"",""Draft"",""Draft"",""Retracted"",""Retracted"",""Draft"",""Draft"",""Retracted"",""Retracted""]"
ERB-1236,2026-04-29T12:22:16.890Z,DMP-2266,true,"[""Approved"",""Approved"",""In Review"",""In Review"",""Submitted"",""Submitted"",""Waiting for approval"",""Waiting for approval""]"
ERB-537,2025-11-25T15:42:46.407Z,DMP-1073,true,"[""Approved"",""Approved"",""In Review"",""In Review"",""Submitted"",""Submitted""]"
ERB-344,2025-09-11T13:35:25.215Z,DMP-686,true,"[""Approved"",""Approved"",""In Review"",""In Review"",""Submitted"",""Submitted""]"
ERB-1104,2026-04-09T09:39:14.469Z,DMP-2126,true,"[""Approved"",""Approved"",""In Review"",""In Review"",""Submitted"",""Submitted""]"
ERB-1536,2026-06-23T08:45:40.747Z,DMP-2551,false,"[""Conditional approval"",""Conditional approval"",""In Review"",""In Review"",""Submitted"",""Submitted"",""Draft"",""Draft"",""Retracted"",""Retracted"",""Submitted"",""Submitted""]"
ERB-1438,2026-05-26T15:00:55.416Z,DMP-2600,true,"[""Approved"",""Approved"",""In Review"",""In Review"",""Submitted"",""Submitted"",""Waiting for approval"",""Waiting for approval""]"
ERB-1367,2026-05-15T16:57:57.499Z,DMP-2515,true,"[""Approved"",""Approved"",""In Review"",""In Review"",""Submitted"",""Submitted"",""Waiting for approval"",""Waiting for approval"",""Draft"",""Draft"",""Waiting for approval"",""Waiting for approval""]"
ERB-1309,2026-05-07T15:18:13.162Z,DMP-2403,true,"[""Approved"",""Approved"",""In Review"",""In Review"",""Submitted"",""Submitted""]"
ERB-650,2026-01-22T12:35:27.398Z,DMP-1400,true,"[""Approved"",""Approved"",""In Review"",""In Review"",""Submitted"",""Submitted""]"
ERB-1428,2026-05-26T10:34:11.782Z,DMP-2589,true,"[""Approved"",""Approved"",""In Review"",""In Review"",""Submitted"",""Submitted"",""Waiting for approval"",""Waiting for approval"",""Draft"",""Draft"",""Waiting for approval"",""Waiting for approval""]"
ERB-389,2025-09-28T16:28:25.718Z,DMP-716,false,"[""Retracted"",""Retracted"",""Rejected"",""Rejected"",""In Review"",""In Review"",""Submitted"",""Submitted""]"
ERB-1157,2026-04-16T16:12:16.553Z,DMP-2205,true,"[""Approved"",""Approved"",""In Review"",""In Review"",""Submitted"",""Submitted""]"
ERB-1035,2026-03-26T21:58:30.966Z,DMP-2031,true,"[""Approved"",""Approved"",""In Review"",""In Review"",""Submitted"",""Submitted"",""Waiting for approval"",""Waiting for approval"",""Draft"",""Draft"",""Waiting for approval"",""Waiting for approval""]"
ERB-1264,2026-05-01T15:22:14.431Z,DMP-2246,true,"[""Approved"",""Approved"",""In Review"",""In Review"",""Submitted"",""Submitted"",""Waiting for approval"",""Waiting for approval""]"
ERB-615,2026-01-03T10:12:51.911Z,DMP-1238,false,[]
ERB-1312,2026-05-08T08:33:16.123Z,DMP-2434,true,"[""Approved"",""Approved"",""In Review"",""In Review"",""Submitted"",""Submitted""]"
ERB-1281,2026-05-05T16:33:12.919Z,DMP-2386,true,"[""Approved"",""Approved"",""In Review"",""In Review"",""Submitted"",""Submitted"",""Waiting for approval"",""Waiting for approval""]"
ERB-1103,2026-04-09T09:34:04.951Z,DMP-1738,true,"[""Approved"",""Approved"",""In Review"",""In Review"",""Submitted"",""Submitted""]"
ERB-816,2026-03-06T12:56:46.251Z,DMP-1729,true,"[""Approved"",""Approved"",""In Review"",""In Review"",""Submitted"",""Submitted"",""Waiting for approval"",""Waiting for approval""]"
ERB-850,2026-03-11T15:20:04.953Z,DMP-1814,true,"[""Approved"",""Approved"",""In Review"",""In Review"",""Submitted"",""Submitted"",""Waiting for approval"",""Waiting for approval"",""Draft"",""Draft"",""Waiting for approval"",""Waiting for approval""]"
ERB-898,2026-03-16T14:34:52.712Z,DMP-1844,true,"[""Approved"",""Approved"",""In Review"",""In Review"",""Submitted"",""Submitted"",""Waiting for approval"",""Waiting for approval""]"
ERB-678,2026-01-30T10:37:53.887Z,DMP-1367,false,"[""Rejected"",""Rejected"",""In Review"",""In Review"",""Submitted"",""Submitted""]"
ERB-741,2026-02-20T13:03:03.188Z,DMP-1532,true,"[""Approved"",""Approved"",""In Review"",""In Review"",""Submitted"",""Submitted""]"
ERB-1119,2026-04-11T17:19:24.810Z,DMP-2142,true,"[""Approved"",""Approved"",""In Review"",""In Review"",""Submitted"",""Submitted"",""Waiting for approval"",""Waiting for approval""]"
ERB-455,2025-10-20T14:37:57.553Z,DMP-937,true,"[""Approved"",""Approved"",""In Review"",""In Review"",""Submitted"",""Submitted""]"
ERB-1511,2026-06-11T22:38:17.738Z,DMP-1876,false,"[""Minor revisions"",""Minor revisions"",""In Review"",""In Review"",""Submitted"",""Submitted""]"
ERB-668,2026-01-28T10:57:27.050Z,DMP-1428,true,"[""Approved"",""Approved"",""In Review"",""In Review"",""Submitted"",""Submitted"",""Minor revisions"",""Minor revisions"",""In Review"",""In Review"",""Submitted"",""Submitted""]"
ERB-627,2026-01-09T12:17:48.243Z,DMP-1343,true,"[""Approved"",""Approved"",""In Review"",""In Review"",""Submitted"",""Submitted""]"
ERB-1150,2026-04-15T19:19:00.419Z,DMP-2196,true,"[""Approved"",""Approved"",""In Review"",""In Review"",""Submitted"",""Submitted"",""Waiting for approval"",""Waiting for approval""]"
ERB-853,2026-03-11T20:07:39.895Z,DMP-1785,true,"[""Approved"",""Approved"",""In Review"",""In Review"",""Submitted"",""Submitted"",""Waiting for approval"",""Waiting for approval"",""Draft"",""Draft"",""Waiting for approval"",""Waiting for approval""]"
ERB-970,2026-03-20T13:52:26.749Z,DMP-1702,true,"[""Approved"",""Approved"",""In Review"",""In Review"",""Submitted"",""Submitted""]"
ERB-491,2025-11-05T10:09:38.355Z,DMP-1017,true,"[""Approved"",""Approved"",""In Review"",""In Review"",""Submitted"",""Submitted""]"
ERB-1371,2026-05-18T08:46:49.633Z,DMP-2518,true,"[""Approved"",""Approved"",""In Review"",""In Review"",""Submitted"",""Submitted"",""Waiting for approval"",""Waiting for approval""]"
ERB-1304,2026-05-07T11:56:38.301Z,DMP-2415,true,"[""Approved"",""Approved"",""In Review"",""In Review"",""Submitted"",""Submitted"",""Waiting for approval"",""Waiting for approval""]"
ERB-523,2025-11-20T10:11:17.429Z,DMP-1027,true,"[""Approved"",""Approved"",""In Review"",""In Review"",""Submitted"",""Submitted""]"
ERB-714,2026-02-12T14:18:02.036Z,DMP-1525,true,"[""Approved"",""Approved"",""In Review"",""In Review"",""Submitted"",""Submitted"",""Waiting for approval"",""Waiting for approval""]"
ERB-781,2026-03-03T14:28:29.555Z,DMP-1659,true,"[""Approved"",""Approved"",""In Review"",""In Review"",""Submitted"",""Submitted"",""Waiting for approval"",""Waiting for approval""]"
ERB-1100,2026-04-08T15:55:15.026Z,DMP-2118,true,"[""Approved"",""Approved"",""In Review"",""In Review"",""Submitted"",""Submitted""]"
ERB-1061,2026-03-31T00:06:01.606Z,DMP-1646,true,"[""Approved"",""Approved"",""In Review"",""In Review"",""Submitted"",""Submitted"",""Waiting for approval"",""Waiting for approval""]"
ERB-568,2025-12-05T14:58:53.513Z,DMP-1213,true,"[""Approved"",""Approved"",""In Review"",""In Review"",""Submitted"",""Submitted""]"
ERB-1453,2026-05-29T12:04:53.844Z,DMP-2623,true,"[""Approved"",""Approved"",""In Review"",""In Review"",""Submitted"",""Submitted"",""Waiting for approval"",""Waiting for approval""]"
ERB-1331,2026-05-11T12:46:08.572Z,DMP-2034,true,"[""Approved"",""Approved"",""In Review"",""In Review"",""Submitted"",""Submitted"",""Waiting for approval"",""Waiting for approval""]"
ERB-1425,2026-05-24T04:05:53.194Z,DMP-2400,true,"[""Approved"",""Approved"",""In Review"",""In Review"",""Submitted"",""Submitted"",""Waiting for approval"",""Waiting for approval""]"
ERB-1121,2026-04-13T14:22:20.775Z,DMP-2144,true,"[""Approved"",""Approved"",""In Review"",""In Review"",""Submitted"",""Submitted"",""Waiting for approval"",""Waiting for approval""]"
ERB-530,2025-11-20T16:32:31.114Z,DMP-1089,true,"[""Approved"",""Approved"",""In Review"",""In Review"",""Submitted"",""Submitted""]"
ERB-454,2025-10-20T13:23:45.387Z,DMP-871,true,"[""Approved"",""Approved"",""In Review"",""In Review"",""Submitted"",""Submitted""]"
ERB-1055,2026-03-30T15:21:33.496Z,DMP-1969,true,"[""Approved"",""Approved"",""In Review"",""In Review"",""Submitted"",""Submitted""]"
ERB-533,2025-11-24T13:58:40.873Z,DMP-1023,false,"[""In Review"",""In Review"",""Submitted"",""Submitted""]"
ERB-984,2026-03-23T14:17:05.719Z,DMP-1742,true,"[""Approved"",""Approved"",""In Review"",""In Review"",""Submitted"",""Submitted"",""Minor revisions"",""Minor revisions"",""In Review"",""In Review"",""Submitted"",""Submitted"",""Waiting for approval"",""Waiting for approval""]"
ERB-1404,2026-05-21T17:59:19.611Z,DMP-2514,true,"[""Approved"",""Approved"",""In Review"",""In Review"",""Submitted"",""Submitted"",""Waiting for approval"",""Waiting for approval""]"
ERB-802,2026-03-05T15:58:38.320Z,DMP-1640,true,"[""Approved"",""Approved"",""In Review"",""In Review"",""Submitted"",""Submitted"",""Waiting for approval"",""Waiting for approval""]"
ERB-817,2026-03-06T13:27:51.561Z,DMP-1643,true,"[""Approved"",""Approved"",""In Review"",""In Review"",""Submitted"",""Submitted"",""Waiting for approval"",""Waiting for approval""]"
ERB-777,2026-03-02T14:15:26.693Z,DMP-1608,true,"[""Approved"",""Approved"",""In Review"",""In Review"",""Submitted"",""Submitted"",""Waiting for approval"",""Waiting for approval""]"
ERB-736,2026-02-19T11:53:30.855Z,DMP-1503,true,"[""Approved"",""Approved"",""In Review"",""In Review"",""Submitted"",""Submitted""]"
ERB-502,2025-11-12T10:02:37.335Z,DMP-1032,true,"[""Approved"",""Approved"",""Minor revisions"",""Minor revisions"",""In Review"",""In Review"",""Submitted"",""Submitted""]"
ERB-1003,2026-03-25T09:35:37.799Z,DMP-1768,true,"[""Approved"",""Approved"",""In Review"",""In Review"",""Submitted"",""Submitted"",""Waiting for approval"",""Waiting for approval""]"
ERB-416,2025-10-03T10:28:26.015Z,DMP-831,true,"[""Approved"",""Approved"",""In Review"",""In Review"",""Submitted"",""Submitted""]"
ERB-1232,2026-04-28T23:46:20.701Z,DMP-2225,true,"[""Approved"",""Approved"",""In Review"",""In Review"",""Submitted"",""Submitted"",""Waiting for approval"",""Waiting for approval""]"
ERB-1130,2026-04-14T14:37:57.870Z,DMP-2176,true,"[""Approved"",""Approved"",""In Review"",""In Review"",""Submitted"",""Submitted"",""Waiting for approval"",""Waiting for approval"",""Draft"",""Draft"",""Waiting for approval"",""Waiting for approval""]"
ERB-1123,2026-04-13T15:27:19.541Z,DMP-2170,true,"[""Approved"",""Approved"",""In Review"",""In Review"",""Submitted"",""Submitted"",""Waiting for approval"",""Waiting for approval""]"
ERB-771,2026-03-02T10:14:12.478Z,DMP-1592,true,"[""Approved"",""Approved"",""In Review"",""In Review"",""Submitted"",""Submitted""]"
ERB-1151,2026-04-16T10:42:26.418Z,DMP-2139,true,"[""Approved"",""Approved"",""In Review"",""In Review"",""Submitted"",""Submitted"",""Waiting for approval"",""Waiting for approval""]"
ERB-761,2026-02-26T13:50:24.566Z,DMP-1016,true,"[""Approved"",""Approved"",""In Review"",""In Review"",""Submitted"",""Submitted""]"
ERB-679,2026-01-30T18:52:48.877Z,DMP-1462,true,"[""Approved"",""Approved"",""In Review"",""In Review"",""Submitted"",""Submitted"",""Minor revisions"",""Minor revisions"",""In Review"",""In Review"",""Submitted"",""Submitted""]"
ERB-721,2026-02-16T10:06:31.007Z,DMP-1530,true,"[""Approved"",""Approved"",""In Review"",""In Review"",""Submitted"",""Submitted"",""Waiting for approval"",""Waiting for approval""]"
ERB-359,2025-09-18T16:34:58.307Z,DMP-741,true,"[""Approved"",""Approved"",""In Review"",""In Review"",""Submitted"",""Submitted""]"
ERB-1047,2026-03-28T11:01:19.320Z,DMP-2014,true,"[""Approved"",""Approved"",""In Review"",""In Review"",""Submitted"",""Submitted"",""Waiting for approval"",""Waiting for approval""]"
ERB-1124,2026-04-13T22:19:14.449Z,DMP-2163,true,"[""Approved"",""Approved"",""In Review"",""In Review"",""Submitted"",""Submitted"",""Waiting for approval"",""Waiting for approval""]"
ERB-740,2026-02-20T10:26:46.604Z,DMP-1534,false,"[""Retracted"",""Retracted""]"
ERB-1185,2026-04-22T11:18:17.815Z,DMP-2096,true,"[""Approved"",""Approved"",""In Review"",""In Review"",""Submitted"",""Submitted""]"
ERB-1321,2026-05-08T15:39:41.916Z,DMP-2450,true,"[""Approved"",""Approved"",""In Review"",""In Review"",""Submitted"",""Submitted"",""Waiting for approval"",""Waiting for approval""]"
ERB-1454,2026-05-29T14:04:56.996Z,DMP-2628,true,"[""Approved"",""Approved"",""In Review"",""In Review"",""Submitted"",""Submitted"",""Waiting for approval"",""Waiting for approval""]"
ERB-1205,2026-04-24T10:37:15.529Z,DMP-1722,true,"[""Approved"",""Approved"",""In Review"",""In Review"",""Submitted"",""Submitted"",""Waiting for approval"",""Waiting for approval""]"
ERB-893,2026-03-16T10:17:49.887Z,DMP-1865,true,"[""Approved"",""Approved"",""In Review"",""In Review"",""Submitted"",""Submitted"",""Waiting for approval"",""Waiting for approval""]"
ERB-545,2025-12-01T14:55:11.550Z,DMP-1105,true,"[""Approved"",""Approved"",""In Review"",""In Review"",""Submitted"",""Submitted"",""Minor revisions"",""Minor revisions"",""In Review"",""In Review"",""Submitted"",""Submitted""]"
ERB-362,2025-09-22T10:47:11.983Z,DMP-750,true,"[""Approved"",""Approved"",""In Review"",""In Review"",""Submitted"",""Submitted""]"
ERB-1212,2026-04-24T16:17:50.446Z,DMP-2254,true,"[""Approved"",""Approved"",""In Review"",""In Review"",""Submitted"",""Submitted"",""Waiting for approval"",""Waiting for approval""]"
ERB-963,2026-03-20T10:46:59.076Z,DMP-1956,true,"[""Approved"",""Approved"",""In Review"",""In Review"",""Submitted"",""Submitted"",""Waiting for approval"",""Waiting for approval"",""Draft"",""Draft"",""Waiting for approval"",""Waiting for approval""]"
ERB-399,2025-09-30T14:54:47.713Z,DMP-795,true,"[""Approved"",""Approved"",""In Review"",""In Review"",""Submitted"",""Submitted"",""Draft"",""Draft"",""Retracted"",""Retracted"",""Submitted"",""Submitted""]"
ERB-487,2025-11-04T20:39:41.825Z,DMP-989,true,"[""Approved"",""Approved"",""In Review"",""In Review"",""Submitted"",""Submitted""]"
ERB-1228,2026-04-28T12:33:18.286Z,DMP-2307,true,"[""Approved"",""Approved"",""In Review"",""In Review"",""Submitted"",""Submitted"",""Waiting for approval"",""Waiting for approval"",""Draft"",""Draft"",""Waiting for approval"",""Waiting for approval""]"
ERB-1235,2026-04-29T12:03:12.758Z,DMP-1964,true,"[""Approved"",""Approved"",""In Review"",""In Review"",""Submitted"",""Submitted"",""Waiting for approval"",""Waiting for approval""]"
ERB-1285,2026-05-06T09:23:53.734Z,DMP-2244,true,"[""Approved"",""Generating pre-registration"",""Approved"",""In Review"",""Submitted"",""Waiting for approval""]"
ERB-1547,2026-06-29T14:32:40.496Z,DMP-2813,false,"[""In Review"",""In Review"",""Submitted"",""Submitted""]"
ERB-463,2025-10-23T15:43:53.163Z,DMP-942,true,"[""Approved"",""Approved"",""In Review"",""In Review"",""Submitted"",""Submitted""]"
ERB-1279,2026-05-05T15:09:13.970Z,DMP-2385,true,"[""Approved"",""Approved"",""In Review"",""In Review"",""Submitted"",""Submitted"",""Waiting for approval"",""Waiting for approval""]"
ERB-445,2025-10-14T13:42:33.739Z,DMP-849,true,"[""Approved"",""Approved"",""Conditional approval"",""Conditional approval"",""In Review"",""In Review"",""Submitted"",""Submitted""]"
ERB-1001,2026-03-24T20:18:21.403Z,DMP-1849,true,"[""Approved"",""Approved"",""In Review"",""In Review"",""Submitted"",""Submitted"",""Waiting for approval"",""Waiting for approval""]"
ERB-1015,2026-03-25T13:53:23.270Z,DMP-1996,true,"[""Approved"",""Approved"",""In Review"",""In Review"",""Submitted"",""Submitted"",""Waiting for approval"",""Waiting for approval""]"
ERB-1175,2026-04-20T20:48:26.074Z,DMP-2217,true,"[""Approved"",""Approved"",""In Review"",""In Review"",""Submitted"",""Submitted"",""Waiting for approval"",""Waiting for approval""]"
ERB-583,2025-12-11T13:12:19.683Z,DMP-1170,true,"[""Approved"",""Approved"",""In Review"",""In Review"",""Submitted"",""Submitted""]"
ERB-1573,2026-07-20T15:03:27.212Z,DMP-2673,true,"[""Approved"",""Approved"",""In Review"",""In Review"",""Submitted"",""Submitted""]"
ERB-1467,2026-06-01T15:48:27.020Z,DMP-2648,true,"[""Approved"",""Approved"",""In Review"",""In Review"",""Submitted"",""Submitted"",""Waiting for approval"",""Waiting for approval""]"
ERB-580,2025-12-10T21:55:23.748Z,DMP-1252,true,"[""Approved"",""Approved"",""In Review"",""In Review"",""Submitted"",""Submitted""]"
ERB-411,2025-10-02T10:30:49.658Z,DMP-838,false,"[""Minor revisions"",""Minor revisions"",""In Review"",""In Review"",""Submitted"",""Submitted""]"
ERB-1434,2026-05-26T13:16:12.204Z,DMP-2595,true,"[""Approved"",""Approved"",""In Review"",""In Review"",""Submitted"",""Submitted"",""Waiting for approval"",""Waiting for approval""]"
ERB-1368,2026-05-17T22:31:11.520Z,DMP-2520,true,"[""Approved"",""Approved"",""In Review"",""In Review"",""Submitted"",""Submitted"",""Waiting for approval"",""Waiting for approval""]"
ERB-571,2025-12-09T11:28:10.291Z,DMP-1198,true,"[""Approved"",""Approved"",""In Review"",""In Review"",""Submitted"",""Submitted""]"
ERB-673,2026-01-29T09:22:30.998Z,DMP-1427,true,"[""Approved"",""Approved"",""In Review"",""In Review"",""Submitted"",""Submitted""]"
ERB-907,2026-03-17T08:32:27.254Z,DMP-1887,true,"[""Approved"",""Approved"",""In Review"",""In Review"",""Submitted"",""Submitted""]"
ERB-1191,2026-04-22T15:23:41.931Z,DMP-2256,true,"[""Approved"",""Approved"",""In Review"",""In Review"",""Submitted"",""Submitted"",""Waiting for approval"",""Waiting for approval""]"
ERB-444,2025-10-14T10:51:50.561Z,DMP-903,true,"[""Approved"",""Approved"",""Minor revisions"",""Minor revisions"",""In Review"",""In Review"",""Submitted"",""Submitted""]"
ERB-602,2025-12-18T20:24:03.822Z,DMP-1299,true,"[""Approved"",""Approved"",""In Review"",""In Review"",""Submitted"",""Submitted""]"
ERB-1314,2026-05-08T10:23:59.378Z,DMP-2354,true,"[""Approved"",""Approved"",""In Review"",""In Review"",""Submitted"",""Submitted"",""Waiting for approval"",""Waiting for approval""]"
ERB-685,2026-02-03T11:17:10.244Z,DMP-1469,true,"[""Approved"",""Approved"",""In Review"",""In Review"",""Submitted"",""Submitted"",""Waiting for approval"",""Waiting for approval""]"
ERB-703,2026-02-09T10:02:41.565Z,DMP-1499,true,"[""Approved"",""Approved"",""In Review"",""In Review"",""Submitted"",""Submitted"",""Waiting for approval"",""Waiting for approval""]"
ERB-371,2025-09-23T15:13:32.904Z,DMP-748,true,"[""Approved"",""Approved"",""In Review"",""In Review"",""Submitted"",""Submitted""]"
ERB-1069,2026-04-01T10:10:17.833Z,DMP-2068,true,"[""Approved"",""Approved"",""In Review"",""In Review"",""Submitted"",""Submitted"",""Waiting for approval"",""Waiting for approval""]"
ERB-848,2026-03-11T14:40:18.557Z,DMP-1809,true,"[""Approved"",""Approved"",""In Review"",""In Review"",""Submitted"",""Submitted""]"
ERB-338,2025-09-10T10:25:34.852Z,DMP-677,true,"[""Approved"",""Approved"",""In Review"",""In Review"",""Submitted"",""Submitted""]"
ERB-814,2026-03-06T11:50:55.637Z,DMP-1660,true,"[""Approved"",""Approved"",""In Review"",""In Review"",""Submitted"",""Submitted"",""Waiting for approval"",""Waiting for approval""]"
ERB-1466,2026-06-01T13:55:26.977Z,DMP-2643,true,"[""Approved"",""Approved"",""In Review"",""In Review"",""Submitted"",""Submitted"",""Waiting for approval"",""Waiting for approval""]"
ERB-1485,2026-06-04T16:25:48.746Z,DMP-2689,true,"[""Approved"",""Approved"",""In Review"",""In Review"",""Submitted"",""Submitted"",""Waiting for approval"",""Waiting for approval""]"
ERB-1208,2026-04-24T11:48:10.053Z,DMP-2284,true,"[""Approved"",""Approved"",""In Review"",""In Review"",""Submitted"",""Submitted"",""Waiting for approval"",""Waiting for approval""]"
ERB-1282,2026-05-05T17:18:53.327Z,DMP-2389,true,"[""Approved"",""Approved"",""In Review"",""In Review"",""Submitted"",""Submitted"",""Waiting for approval"",""Waiting for approval""]"
ERB-1431,2026-05-26T11:14:23.186Z,DMP-2587,true,"[""Approved"",""Approved"",""In Review"",""In Review"",""Submitted"",""Submitted""]"
ERB-1170,2026-04-20T12:32:00.518Z,DMP-2212,true,"[""Approved"",""Approved"",""In Review"",""In Review"",""Submitted"",""Submitted"",""Waiting for approval"",""Waiting for approval""]"
ERB-1257,2026-05-01T11:02:58.204Z,DMP-2322,true,"[""Approved"",""Approved"",""In Review"",""In Review"",""Submitted"",""Submitted"",""Waiting for approval"",""Waiting for approval"",""Draft"",""Draft"",""Waiting for approval"",""Waiting for approval""]"
ERB-1316,2026-05-08T11:47:16.300Z,DMP-2440,true,"[""Approved"",""Approved"",""In Review"",""In Review"",""Submitted"",""Submitted"",""Waiting for approval"",""Waiting for approval""]"
ERB-567,2025-12-05T09:33:06.917Z,DMP-1212,true,"[""Approved"",""Approved"",""In Review"",""In Review"",""Submitted"",""Submitted""]"
ERB-1357,2026-05-13T13:30:05.583Z,DMP-2398,true,"[""Approved"",""Approved"",""In Review"",""In Review"",""Submitted"",""Submitted"",""Waiting for approval"",""Waiting for approval""]"
ERB-1423,2026-05-23T17:41:32.217Z,DMP-2561,true,"[""Approved"",""Approved"",""In Review"",""In Review"",""Submitted"",""Submitted"",""Waiting for approval"",""Waiting for approval""]"
ERB-872,2026-03-13T10:11:40.929Z,DMP-1833,true,"[""Approved"",""Approved"",""In Review"",""In Review"",""Submitted"",""Submitted"",""Waiting for approval"",""Waiting for approval""]"
ERB-1411,2026-05-22T12:19:18.293Z,DMP-2578,true,"[""Approved"",""Approved"",""In Review"",""In Review"",""Submitted"",""Submitted"",""Waiting for approval"",""Waiting for approval""]"
ERB-1120,2026-04-13T13:52:28.444Z,DMP-1678,true,"[""Approved"",""Approved"",""In Review"",""In Review"",""Submitted"",""Submitted"",""Waiting for approval"",""Waiting for approval"",""Draft"",""Draft"",""Retracted"",""Retracted""]"
ERB-1531,2026-06-18T12:50:20.286Z,DMP-2760,true,"[""Approved"",""Approved"",""In Review"",""In Review"",""Submitted"",""Submitted"",""Waiting for approval"",""Waiting for approval""]"
ERB-864,2026-03-12T20:17:13.904Z,DMP-1840,true,"[""Approved"",""Approved"",""In Review"",""In Review"",""Submitted"",""Submitted"",""Waiting for approval"",""Waiting for approval""]"
ERB-997,2026-03-24T14:58:48.491Z,DMP-1960,true,"[""Approved"",""Approved"",""In Review"",""In Review"",""Submitted"",""Submitted"",""Waiting for approval"",""Waiting for approval""]"
ERB-1207,2026-04-24T11:44:13.611Z,DMP-2285,true,"[""Approved"",""Approved"",""In Review"",""In Review"",""Submitted"",""Submitted"",""Waiting for approval"",""Waiting for approval""]"
ERB-916,2026-03-17T15:13:32.883Z,DMP-1703,true,"[""Approved"",""Approved"",""In Review"",""In Review"",""Submitted"",""Submitted"",""Waiting for approval"",""Waiting for approval"",""Draft"",""Draft"",""Waiting for approval"",""Waiting for approval"",""Draft"",""Draft"",""Waiting for approval"",""Waiting for approval""]"
ERB-693,2026-02-04T16:39:54.850Z,DMP-1457,true,"[""Approved"",""Approved"",""In Review"",""In Review"",""Submitted"",""Submitted"",""Waiting for approval"",""Waiting for approval""]"
ERB-1289,2026-05-06T12:05:55.823Z,DMP-2396,true,"[""Approved"",""Approved"",""In Review"",""In Review"",""Submitted"",""Submitted"",""Waiting for approval"",""Waiting for approval""]"
ERB-877,2026-03-13T11:26:40.380Z,DMP-1848,true,"[""Approved"",""Approved"",""In Review"",""In Review"",""Submitted"",""Submitted"",""Waiting for approval"",""Waiting for approval""]"
ERB-1070,2026-04-01T10:22:05.470Z,DMP-2067,true,"[""Approved"",""Approved"",""In Review"",""In Review"",""Submitted"",""Submitted""]"
ERB-1350,2026-05-12T16:04:15.206Z,DMP-2486,true,"[""Approved"",""Approved"",""In Review"",""In Review"",""Submitted"",""Submitted"",""Waiting for approval"",""Waiting for approval""]"
ERB-890,2026-03-16T09:56:36.860Z,DMP-1774,true,"[""Approved"",""Approved"",""In Review"",""In Review"",""Submitted"",""Submitted"",""Waiting for approval"",""Waiting for approval""]"
ERB-1458,2026-05-30T17:50:22.231Z,DMP-2634,true,"[""Approved"",""Approved"",""In Review"",""In Review"",""Submitted"",""Submitted"",""Waiting for approval"",""Waiting for approval""]"
ERB-1163,2026-04-17T14:13:38.991Z,DMP-2206,true,"[""Approved"",""Approved"",""In Review"",""In Review"",""Submitted"",""Submitted""]"
ERB-638,2026-01-15T14:07:11.498Z,DMP-1356,true,"[""Approved"",""Approved"",""In Review"",""In Review"",""Submitted"",""Submitted""]"
ERB-347,2025-09-12T13:36:47.583Z,DMP-681,true,"[""Approved"",""Approved"",""In Review"",""In Review"",""Submitted"",""Submitted""]"
ERB-811,2026-03-06T09:29:19.855Z,DMP-1720,true,"[""Approved"",""Approved"",""In Review"",""In Review"",""Submitted"",""Submitted"",""Waiting for approval"",""Waiting for approval""]"
ERB-1186,2026-04-22T13:36:53.132Z,DMP-2253,true,"[""Approved"",""Approved"",""In Review"",""In Review"",""Submitted"",""Submitted"",""Waiting for approval"",""Waiting for approval""]"
ERB-603,2025-12-19T11:01:37.031Z,DMP-1300,true,"[""Approved"",""Approved"",""Minor revisions"",""Minor revisions"",""In Review"",""In Review"",""Submitted"",""Submitted""]"
ERB-1585,2026-08-05T10:20:40.403Z,DMP-2893,false,"[""Submitted"",""Submitted""]"
ERB-1054,2026-03-30T12:31:49.591Z,DMP-2052,true,"[""Approved"",""Approved"",""In Review"",""In Review"",""Submitted"",""Submitted"",""Waiting for approval"",""Waiting for approval""]"
ERB-1198,2026-04-23T12:16:35.023Z,DMP-1841,true,"[""Approved"",""Approved"",""In Review"",""In Review"",""Submitted"",""Submitted"",""Waiting for approval"",""Waiting for approval""]"
ERB-1391,2026-05-19T15:10:05.326Z,DMP-2537,true,"[""Approved"",""Approved"",""In Review"",""In Review"",""Submitted"",""Submitted"",""Waiting for approval"",""Waiting for approval""]"
ERB-879,2026-03-13T12:13:41.528Z,DMP-1740,true,"[""Approved"",""Approved"",""In Review"",""In Review"",""Submitted"",""Submitted"",""Waiting for approval"",""Waiting for approval""]"
ERB-875,2026-03-13T10:47:43.836Z,DMP-1843,true,"[""Approved"",""Approved"",""In Review"",""In Review"",""Submitted"",""Submitted"",""Waiting for approval"",""Waiting for approval""]"
ERB-1464,2026-06-01T12:58:37.391Z,DMP-2641,true,"[""Approved"",""Approved"",""In Review"",""In Review"",""Submitted"",""Submitted"",""Waiting for approval"",""Waiting for approval"",""Draft"",""Draft"",""Waiting for approval"",""Waiting for approval""]"
ERB-1463,2026-06-01T11:43:29.185Z,DMP-2640,true,"[""Approved"",""Approved"",""In Review"",""In Review"",""Submitted"",""Submitted"",""Waiting for approval"",""Waiting for approval""]"
ERB-1009,2026-03-25T11:40:10.520Z,DMP-1944,true,"[""Approved"",""Approved"",""In Review"",""In Review"",""Submitted"",""Submitted"",""Waiting for approval"",""Waiting for approval""]"
ERB-1356,2026-05-13T10:58:00.112Z,DMP-2494,true,"[""Approved"",""Approved"",""In Review"",""In Review"",""Submitted"",""Submitted"",""Waiting for approval"",""Waiting for approval""]"
ERB-1095,2026-04-08T14:20:26.255Z,DMP-2123,true,"[""Approved"",""Approved"",""In Review"",""In Review"",""Submitted"",""Submitted"",""Waiting for approval"",""Waiting for approval""]"
ERB-367,2025-09-23T11:52:59.740Z,DMP-759,true,"[""Approved"",""Approved"",""In Review"",""In Review"",""Submitted"",""Submitted""]"
ERB-895,2026-03-16T11:56:32.347Z,DMP-1747,true,"[""Approved"",""Approved"",""In Review"",""In Review"",""Submitted"",""Submitted"",""Waiting for approval"",""Waiting for approval""]"
ERB-1240,2026-04-29T14:57:58.117Z,DMP-2324,true,"[""Approved"",""Approved"",""In Review"",""In Review"",""Submitted"",""Submitted"",""Waiting for approval"",""Waiting for approval""]"
ERB-1424,2026-05-23T23:21:25.998Z,DMP-2586,true,"[""Approved"",""Approved"",""In Review"",""In Review"",""Submitted"",""Submitted"",""Waiting for approval"",""Waiting for approval""]"
ERB-1392,2026-05-19T15:15:06.039Z,DMP-2362,true,"[""Approved"",""Approved"",""Generating pre-registration"",""Generating pre-registration"",""Approved"",""Approved"",""In Review"",""In Review"",""Submitted"",""Submitted""]"
ERB-712,2026-02-12T13:58:18.912Z,DMP-1511,true,"[""Approved"",""Approved"",""In Review"",""In Review"",""Submitted"",""Submitted""]"
ERB-1366,2026-05-15T13:32:44.423Z,DMP-2513,true,"[""Approved"",""Approved"",""In Review"",""In Review"",""Submitted"",""Submitted"",""Waiting for approval"",""Waiting for approval"",""Draft"",""Draft"",""Retracted"",""Retracted""]"
ERB-1057,2026-03-30T15:55:22.551Z,DMP-2051,true,"[""Approved"",""Approved"",""In Review"",""In Review"",""Submitted"",""Submitted"",""Waiting for approval"",""Waiting for approval""]"
ERB-630,2026-01-09T15:57:36.529Z,DMP-1328,true,"[""Approved"",""Approved"",""In Review"",""In Review"",""Submitted"",""Submitted"",""Minor revisions"",""Minor revisions"",""In Review"",""In Review"",""Submitted"",""Submitted""]"
ERB-468,2025-10-27T11:54:32.518Z,DMP-973,true,"[""Approved"",""Approved"",""In Review"",""In Review"",""Submitted"",""Submitted""]"
ERB-822,2026-03-08T11:22:21.377Z,DMP-1745,true,"[""Approved"",""Approved"",""In Review"",""In Review"",""Submitted"",""Submitted"",""Waiting for approval"",""Waiting for approval""]"
ERB-534,2025-11-24T22:19:08.510Z,DMP-1111,true,"[""Approved"",""Approved"",""In Review"",""In Review"",""Submitted"",""Submitted""]"
ERB-896,2026-03-16T11:59:25.681Z,DMP-1615,true,"[""Approved"",""Approved"",""In Review"",""In Review"",""Submitted"",""Submitted"",""Waiting for approval"",""Waiting for approval""]"
ERB-387,2025-09-26T13:07:38.513Z,DMP-778,true,"[""Approved"",""Approved"",""In Review"",""In Review"",""Submitted"",""Submitted""]"
ERB-987,2026-03-23T15:44:54.544Z,DMP-1986,true,"[""Approved"",""Approved"",""In Review"",""In Review"",""Submitted"",""Submitted"",""Waiting for approval"",""Waiting for approval""]"
ERB-1169,2026-04-20T12:22:49.828Z,DMP-2224,true,"[""Approved"",""Approved"",""In Review"",""In Review"",""Submitted"",""Submitted"",""Waiting for approval"",""Waiting for approval""]"
ERB-517,2025-11-18T09:44:00.897Z,DMP-1069,true,"[""Approved"",""Approved"",""In Review"",""In Review"",""Submitted"",""Submitted""]"
ERB-752,2026-02-24T12:42:16.889Z,DMP-1594,true,"[""Approved"",""Approved"",""In Review"",""In Review"",""Submitted"",""Submitted"",""Waiting for approval"",""Waiting for approval""]"
ERB-1527,2026-06-17T15:47:28.613Z,DMP-2755,true,"[""Approved"",""Approved"",""In Review"",""In Review"",""Submitted"",""Submitted"",""Waiting for approval"",""Waiting for approval""]"
ERB-782,2026-03-03T20:01:12.056Z,DMP-1665,true,"[""Approved"",""Approved"",""In Review"",""In Review"",""Submitted"",""Submitted"",""Waiting for approval"",""Waiting for approval""]"
ERB-1196,2026-04-23T11:30:06.397Z,DMP-1361,false,"[""Submitted"",""Submitted"",""Minor revisions"",""Minor revisions"",""In Review"",""In Review"",""Submitted"",""Submitted""]"
ERB-1159,2026-04-16T18:55:21.617Z,DMP-2202,true,"[""Approved"",""Approved"",""In Review"",""In Review"",""Submitted"",""Submitted"",""Waiting for approval"",""Waiting for approval""]"
ERB-688,2026-02-04T12:51:44.299Z,DMP-1476,true,"[""Approved"",""Approved"",""In Review"",""In Review"",""Submitted"",""Submitted"",""Waiting for approval"",""Waiting for approval""]"
ERB-1197,2026-04-23T11:31:06.132Z,DMP-1652,true,"[""Approved"",""Approved"",""In Review"",""In Review"",""Submitted"",""Submitted""]"
ERB-840,2026-03-10T14:56:44.926Z,DMP-1772,true,"[""Approved"",""Approved"",""In Review"",""In Review"",""Submitted"",""Submitted"",""Waiting for approval"",""Waiting for approval"",""Draft"",""Draft"",""Waiting for approval"",""Waiting for approval""]"
ERB-1023,2026-03-25T16:02:12.280Z,DMP-1988,true,"[""Approved"",""Approved"",""In Review"",""In Review"",""Submitted"",""Submitted"",""Waiting for approval"",""Waiting for approval""]"
ERB-1403,2026-05-21T16:30:17.173Z,DMP-2243,true,"[""Approved"",""Approved"",""In Review"",""In Review"",""Submitted"",""Submitted"",""Waiting for approval"",""Waiting for approval""]"
ERB-675,2026-01-29T13:34:26.345Z,DMP-1455,true,"[""Archived"",""Archived"",""Approved"",""Approved"",""In Review"",""In Review"",""Submitted"",""Submitted"",""Draft"",""Draft"",""Archived"",""Archived"",""Approved"",""Approved"",""In Review"",""In Review"",""Submitted"",""Submitted"",""Draft"",""Draft"",""Waiting for approval"",""Waiting for approval""]"
ERB-443,2025-10-14T09:55:45.821Z,DMP-866,true,"[""Approved"",""Approved"",""In Review"",""In Review"",""Submitted"",""Submitted"",""Major revisions"",""Major revisions"",""In Review"",""In Review"",""Submitted"",""Submitted""]"
ERB-644,2026-01-19T10:05:26.490Z,DMP-1373,true,"[""Approved"",""Approved"",""In Review"",""In Review"",""Submitted"",""Submitted""]"
ERB-780,2026-03-03T12:06:27.470Z,DMP-1556,true,"[""Approved"",""Approved"",""In Review"",""In Review"",""Submitted"",""Submitted"",""Waiting for approval"",""Waiting for approval""]"
ERB-529,2025-11-20T13:04:19.996Z,DMP-1092,true,"[""Approved"",""Approved"",""In Review"",""In Review"",""Submitted"",""Submitted""]"
ERB-452,2025-10-17T09:52:49.910Z,DMP-783,true,"[""Approved"",""Approved"",""In Review"",""In Review"",""Submitted"",""Submitted""]"
ERB-739,2026-02-19T16:11:09.820Z,DMP-1538,true,"[""Approved"",""Approved"",""In Review"",""In Review"",""Submitted"",""Submitted"",""Waiting for approval"",""Waiting for approval""]"
ERB-1395,2026-05-20T10:15:41.616Z,DMP-2539,true,"[""Approved"",""Approved"",""In Review"",""In Review"",""Submitted"",""Submitted"",""Waiting for approval"",""Waiting for approval""]"
ERB-859,2026-03-12T14:10:04.345Z,DMP-1790,true,"[""Approved"",""Approved"",""In Review"",""In Review"",""Submitted"",""Submitted"",""Waiting for approval"",""Waiting for approval""]"
ERB-846,2026-03-11T11:20:54.670Z,DMP-1794,false,"[""Draft"",""Draft"",""Retracted"",""Retracted"",""Submitted"",""Submitted""]"
ERB-1114,2026-04-10T09:33:19.652Z,DMP-2080,true,"[""Approved"",""Approved"",""In Review"",""In Review"",""Submitted"",""Submitted""]"
ERB-450,2025-10-16T10:02:32.742Z,DMP-927,false,"[""Major revisions"",""Major revisions"",""In Review"",""In Review"",""Submitted"",""Submitted""]"
ERB-1229,2026-04-28T13:42:40.799Z,DMP-2308,true,"[""Approved"",""Approved"",""In Review"",""In Review"",""Submitted"",""Submitted"",""Waiting for approval"",""Waiting for approval""]"
ERB-1315,2026-05-08T11:32:37.261Z,DMP-2441,true,"[""Approved"",""Approved"",""In Review"",""In Review"",""Submitted"",""Submitted"",""Waiting for approval"",""Waiting for approval""]"
ERB-1032,2026-03-26T11:11:01.470Z,DMP-1890,true,"[""Approved"",""Approved"",""In Review"",""In Review"",""Submitted"",""Submitted"",""Waiting for approval"",""Waiting for approval""]"
ERB-334,2025-09-08T13:53:25.263Z,DMP-659,true,"[""Approved"",""Approved"",""In Review"",""In Review"",""Submitted"",""Submitted"",""Major revisions"",""Major revisions"",""In Review"",""In Review"",""Submitted"",""Submitted"",""Minor revisions"",""Minor revisions"",""In Review"",""In Review"",""Submitted"",""Submitted""]"
ERB-903,2026-03-16T16:22:59.827Z,DMP-1877,true,"[""Approved"",""Approved"",""In Review"",""In Review"",""Submitted"",""Submitted"",""Waiting for approval"",""Waiting for approval""]"
ERB-594,2025-12-16T15:48:40.927Z,DMP-1200,false,"[""Submitted"",""Submitted""]"
ERB-952,2026-03-19T16:00:53.465Z,DMP-1941,true,"[""Approved"",""Approved"",""In Review"",""In Review"",""Submitted"",""Submitted""]"
ERB-471,2025-10-29T09:54:49.918Z,DMP-983,true,"[""Approved"",""Approved"",""In Review"",""In Review"",""Submitted"",""Submitted"",""Major revisions"",""Major revisions"",""In Review"",""In Review"",""Submitted"",""Submitted""]"
ERB-1469,2026-06-02T07:04:11.737Z,DMP-2624,true,"[""Approved"",""Approved"",""In Review"",""In Review"",""Submitted"",""Submitted"",""Waiting for approval"",""Waiting for approval""]"
ERB-448,2025-10-15T12:59:19.978Z,DMP-921,true,"[""Approved"",""Approved"",""In Review"",""In Review"",""Submitted"",""Submitted""]"
ERB-684,2026-02-02T14:41:21.498Z,DMP-1466,true,"[""Approved"",""Approved"",""In Review"",""In Review"",""Submitted"",""Submitted"",""Waiting for approval"",""Waiting for approval""]"
ERB-976,2026-03-21T15:57:59.606Z,DMP-1962,true,"[""Approved"",""Approved"",""In Review"",""In Review"",""Submitted"",""Submitted"",""Waiting for approval"",""Waiting for approval""]"
ERB-1018,2026-03-25T14:52:53.215Z,DMP-1612,true,"[""Approved"",""Approved"",""In Review"",""In Review"",""Submitted"",""Submitted"",""Waiting for approval"",""Waiting for approval"",""Draft"",""Draft"",""Retracted"",""Retracted""]"
ERB-745,2026-02-20T15:01:44.613Z,DMP-1478,true,"[""Approved"",""Approved"",""In Review"",""In Review"",""Submitted"",""Submitted""]"
ERB-1239,2026-04-29T14:45:45.831Z,DMP-2298,true,"[""Approved"",""Approved"",""In Review"",""In Review"",""Submitted"",""Submitted"",""Waiting for approval"",""Waiting for approval""]"
ERB-1470,2026-06-02T07:07:36.508Z,DMP-2656,true,"[""Approved"",""Approved"",""In Review"",""In Review"",""Submitted"",""Submitted"",""Waiting for approval"",""Waiting for approval""]"
ERB-483,2025-11-04T09:46:55.873Z,DMP-1009,true,"[""Approved"",""Approved"",""In Review"",""In Review"",""Submitted"",""Submitted""]"
ERB-1288,2026-05-06T11:42:55.603Z,DMP-2394,true,"[""Approved"",""Approved"",""In Review"",""In Review"",""Submitted"",""Submitted""]"
ERB-1578,2026-07-30T20:43:15.526Z,DMP-2894,false,"[""Minor revisions"",""Minor revisions"",""In Review"",""In Review"",""Submitted"",""Submitted""]"
ERB-670,2026-01-28T15:12:44.018Z,DMP-1418,true,"[""Approved"",""Approved"",""In Review"",""In Review"",""Submitted"",""Submitted""]"
ERB-1037,2026-03-27T10:29:12.538Z,DMP-1692,true,"[""Approved"",""Approved"",""In Review"",""In Review"",""Submitted"",""Submitted"",""Waiting for approval"",""Waiting for approval""]"
ERB-1298,2026-05-07T05:52:04.712Z,DMP-2413,true,"[""Approved"",""Approved"",""In Review"",""In Review"",""Submitted"",""Submitted""]"
ERB-424,2025-10-06T21:26:57.402Z,DMP-645,true,"[""Approved"",""Approved"",""In Review"",""In Review"",""Submitted"",""Submitted""]"
ERB-434,2025-10-09T13:42:10.774Z,DMP-869,true,"[""Approved"",""Approved"",""In Review"",""In Review"",""Submitted"",""Submitted""]"
ERB-1227,2026-04-28T11:37:38.010Z,DMP-2302,true,"[""Approved"",""Approved"",""In Review"",""In Review"",""Submitted"",""Submitted""]"
ERB-747,2026-02-23T22:58:02.455Z,DMP-1591,true,"[""Approved"",""Approved"",""In Review"",""In Review"",""Submitted"",""Submitted"",""Major revisions"",""Major revisions"",""In Review"",""In Review"",""Submitted"",""Submitted""]"
ERB-521,2025-11-18T17:55:44.317Z,DMP-1085,true,"[""Approved"",""Approved"",""Generating pre-registration"",""Generating pre-registration"",""Approved"",""Approved"",""In Review"",""In Review"",""Submitted"",""Submitted""]"
ERB-1249,2026-04-30T12:14:02.126Z,DMP-1616,true,"[""Approved"",""Approved"",""In Review"",""In Review"",""Submitted"",""Submitted"",""Waiting for approval"",""Waiting for approval""]"
ERB-1522,2026-06-17T12:51:14.092Z,DMP-1218,false,"[""Retracted"",""Retracted""]"
ERB-1011,2026-03-25T12:50:40.574Z,DMP-1782,true,"[""Approved"",""Approved"",""In Review"",""In Review"",""Submitted"",""Submitted"",""Waiting for approval"",""Waiting for approval""]"
ERB-569,2025-12-05T15:56:38.931Z,DMP-1159,true,"[""Approved"",""Approved"",""In Review"",""In Review"",""Submitted"",""Submitted""]"
ERB-1557,2026-07-02T16:14:36.342Z,DMP-2101,true,"[""Approved"",""Approved"",""In Review"",""In Review"",""Submitted"",""Submitted"",""Waiting for approval"",""Waiting for approval""]"
ERB-1160,2026-04-17T11:03:09.060Z,DMP-2172,true,"[""Approved"",""Approved"",""In Review"",""In Review"",""Submitted"",""Submitted""]"
ERB-986,2026-03-23T15:40:40.501Z,DMP-1987,true,"[""Approved"",""Approved"",""In Review"",""In Review"",""Submitted"",""Submitted"",""Waiting for approval"",""Waiting for approval""]"
ERB-466,2025-10-27T09:39:55.234Z,DMP-908,true,"[""Approved"",""Approved"",""In Review"",""In Review"",""Submitted"",""Submitted"",""Major revisions"",""Major revisions"",""In Review"",""In Review"",""Submitted"",""Submitted""]"
ERB-868,2026-03-13T09:59:52.345Z,DMP-1817,true,"[""Approved"",""Approved"",""In Review"",""In Review"",""Submitted"",""Submitted"",""Waiting for approval"",""Waiting for approval""]"
ERB-1401,2026-05-21T11:35:37.878Z,DMP-2554,false,"[""Retracted"",""Retracted"",""Draft"",""Draft"",""Waiting for approval"",""Waiting for approval""]"
ERB-330,2025-09-03T10:41:30.568Z,DMP-671,true,"[""Approved"",""Approved"",""In Review"",""In Review"",""Submitted"",""Submitted""]"
ERB-1164,2026-04-17T14:55:12.088Z,DMP-2214,true,"[""Approved"",""Approved"",""In Review"",""In Review"",""Submitted"",""Submitted"",""Waiting for approval"",""Waiting for approval""]"
ERB-1292,2026-05-06T13:52:56.344Z,DMP-1611,false,"[""Retracted"",""Retracted"",""In Review"",""In Review"",""Submitted"",""Submitted"",""Waiting for approval"",""Waiting for approval""]"
ERB-1490,2026-06-06T15:18:30.125Z,DMP-2695,true,"[""Approved"",""Approved"",""In Review"",""In Review"",""Submitted"",""Submitted"",""Waiting for approval"",""Waiting for approval""]"
ERB-1385,2026-05-19T09:50:17.649Z,DMP-2535,true,"[""Approved"",""Approved"",""In Review"",""In Review"",""Submitted"",""Submitted"",""Waiting for approval"",""Waiting for approval""]"
ERB-1193,2026-04-22T21:31:56.650Z,DMP-2261,true,"[""Approved"",""Approved"",""In Review"",""In Review"",""Submitted"",""Submitted"",""Waiting for approval"",""Waiting for approval""]"
ERB-775,2026-03-02T11:33:14.264Z,DMP-1636,true,"[""Approved"",""Approved"",""In Review"",""In Review"",""Submitted"",""Submitted"",""Waiting for approval"",""Waiting for approval""]"
ERB-633,2026-01-12T12:26:19.904Z,DMP-1346,true,"[""Approved"",""Approved"",""In Review"",""In Review"",""Submitted"",""Submitted""]"
ERB-1171,2026-04-20T13:44:59.740Z,DMP-2060,true,"[""Approved"",""Approved"",""In Review"",""In Review"",""Submitted"",""Submitted"",""Waiting for approval"",""Waiting for approval""]"
ERB-1427,2026-05-26T09:26:00.300Z,DMP-2591,true,"[""Approved"",""Approved"",""In Review"",""In Review"",""Submitted"",""Submitted"",""Waiting for approval"",""Waiting for approval""]"
ERB-710,2026-02-11T18:13:11.539Z,DMP-1490,true,"[""Approved"",""Approved"",""In Review"",""In Review"",""Submitted"",""Submitted"",""Minor revisions"",""Minor revisions"",""In Review"",""In Review"",""Submitted"",""Submitted""]"
ERB-1333,2026-05-11T15:21:11.661Z,DMP-2463,true,"[""Approved"",""Approved"",""In Review"",""In Review"",""Submitted"",""Submitted"",""Waiting for approval"",""Waiting for approval""]"
ERB-540,2025-11-26T18:30:10.080Z,DMP-1128,true,"[""Approved"",""Approved"",""In Review"",""In Review"",""Submitted"",""Submitted"",""Minor revisions"",""Minor revisions"",""In Review"",""In Review"",""Submitted"",""Submitted""]"
ERB-604,2025-12-19T12:16:21.369Z,DMP-1301,false,"[""Retracted"",""Retracted"",""In Review"",""In Review"",""Submitted"",""Submitted""]"
ERB-1132,2026-04-14T16:42:55.456Z,DMP-2180,true,"[""Approved"",""Approved"",""In Review"",""In Review"",""Submitted"",""Submitted""]"
ERB-1284,2026-05-06T09:21:13.472Z,DMP-2373,true,"[""Approved"",""In Review"",""Submitted"",""Waiting for approval""]"
ERB-426,2025-10-07T11:21:56.221Z,DMP-855,true,"[""Approved"",""Approved"",""In Review"",""In Review"",""Submitted"",""Submitted""]"
ERB-983,2026-03-23T14:13:53.760Z,DMP-1967,true,"[""Approved"",""Approved"",""In Review"",""In Review"",""Submitted"",""Submitted""]"
ERB-909,2026-03-17T10:52:20.391Z,DMP-1596,true,"[""Approved"",""Approved"",""Minor revisions"",""Minor revisions"",""In Review"",""In Review"",""Submitted"",""Submitted""]"
ERB-407,2025-10-01T15:29:14.684Z,DMP-723,true,"[""Approved"",""Approved"",""In Review"",""In Review"",""Submitted"",""Submitted""]"
ERB-1118,2026-04-10T16:56:54.092Z,DMP-2161,true,"[""Approved"",""Approved"",""In Review"",""In Review"",""Submitted"",""Submitted""]"
ERB-756,2026-02-25T10:23:08.583Z,DMP-1521,true,"[""Approved"",""Approved"",""In Review"",""In Review"",""Submitted"",""Submitted"",""Waiting for approval"",""Waiting for approval""]"
ERB-361,2025-09-22T10:31:12.370Z,DMP-747,true,"[""Approved"",""Approved"",""In Review"",""In Review"",""Submitted"",""Submitted""]"
ERB-1552,2026-07-01T08:47:19.931Z,DMP-2748,false,"[""Submitted"",""Submitted""]"
ERB-886,2026-03-14T11:38:25.809Z,DMP-1835,true,"[""Approved"",""Approved"",""In Review"",""In Review"",""Submitted"",""Submitted"",""Waiting for approval"",""Waiting for approval""]"
ERB-852,2026-03-11T17:24:38.814Z,DMP-1736,true,"[""Approved"",""Approved"",""In Review"",""In Review"",""Submitted"",""Submitted"",""Waiting for approval"",""Waiting for approval""]"
ERB-1420,2026-05-22T17:04:47.571Z,DMP-2279,true,"[""Approved"",""Approved"",""In Review"",""In Review"",""Submitted"",""Submitted"",""Waiting for approval"",""Waiting for approval""]"
ERB-695,2026-02-05T11:16:38.688Z,DMP-1142,true,"[""Approved"",""Approved"",""In Review"",""In Review"",""Submitted"",""Submitted"",""Waiting for approval"",""Waiting for approval""]"
ERB-1355,2026-05-13T07:44:30.427Z,DMP-2455,true,"[""Approved"",""Approved"",""In Review"",""In Review"",""Submitted"",""Submitted""]"
ERB-1050,2026-03-30T10:33:37.996Z,DMP-1998,true,"[""Approved"",""Approved"",""In Review"",""In Review"",""Submitted"",""Submitted"",""Major revisions"",""Major revisions"",""In Review"",""In Review"",""Submitted"",""Submitted""]"
ERB-861,2026-03-12T15:11:45.742Z,DMP-1771,true,"[""Approved"",""Approved"",""In Review"",""In Review"",""Submitted"",""Submitted"",""Waiting for approval"",""Waiting for approval""]"
ERB-449,2025-10-15T15:26:26.982Z,DMP-916,true,"[""Approved"",""Approved"",""In Review"",""In Review"",""Submitted"",""Submitted""]"
ERB-1287,2026-05-06T10:54:39.254Z,DMP-2330,true,"[""Approved"",""In Review"",""Submitted"",""Waiting for approval""]"
ERB-548,2025-12-01T15:59:52.769Z,DMP-1165,false,"[""Minor revisions"",""Minor revisions"",""In Review"",""In Review"",""Submitted"",""Submitted""]"
ERB-1422,2026-05-23T14:18:16.925Z,DMP-2566,true,"[""Approved"",""Approved"",""In Review"",""In Review"",""Submitted"",""Submitted"",""Waiting for approval"",""Waiting for approval""]"
ERB-955,2026-03-19T17:45:16.512Z,DMP-1802,true,"[""Approved"",""Approved"",""In Review"",""In Review"",""Submitted"",""Submitted"",""Waiting for approval"",""Waiting for approval""]"
ERB-1609,2026-08-26T14:39:44.852Z,DMP-2939,false,"[""Submitted""]"
ERB-1016,2026-03-25T14:31:29.436Z,DMP-2018,true,"[""Approved"",""Approved"",""In Review"",""In Review"",""Submitted"",""Submitted"",""Waiting for approval"",""Waiting for approval""]"
ERB-762,2026-02-26T14:30:29.389Z,DMP-1539,true,"[""Approved"",""Approved"",""In Review"",""In Review"",""Submitted"",""Submitted"",""Waiting for approval"",""Waiting for approval""]"
ERB-614,2026-01-02T14:21:16.616Z,DMP-1313,true,"[""Approved"",""Approved"",""In Review"",""In Review"",""Submitted"",""Submitted""]"
ERB-1406,2026-05-22T07:44:48.569Z,DMP-2564,true,"[""Approved"",""Approved"",""In Review"",""In Review"",""Submitted"",""Submitted""]"
ERB-1145,2026-04-15T15:23:59.291Z,DMP-2108,false,[]
ERB-494,2025-11-07T16:07:27.384Z,DMP-901,true,"[""Approved"",""Approved"",""In Review"",""In Review"",""Submitted"",""Submitted""]"
ERB-769,2026-02-27T17:20:14.078Z,DMP-1641,true,"[""Approved"",""Approved"",""In Review"",""In Review"",""Submitted"",""Submitted"",""Waiting for approval"",""Waiting for approval""]"
ERB-479,2025-11-03T10:38:34.907Z,DMP-972,true,"[""Approved"",""Approved"",""In Review"",""In Review"",""Submitted"",""Submitted"",""Minor revisions"",""Minor revisions"",""In Review"",""In Review"",""Submitted"",""Submitted""]"
ERB-388,2025-09-27T16:15:42.203Z,DMP-768,true,"[""Approved"",""Approved"",""Conditional approval"",""Conditional approval"",""In Review"",""In Review"",""Submitted"",""Submitted""]"
ERB-1269,2026-05-02T10:39:57.137Z,DMP-2300,true,"[""Approved"",""Approved"",""In Review"",""In Review"",""Submitted"",""Submitted""]"
ERB-1290,2026-05-06T12:07:22.302Z,DMP-2395,true,"[""Approved"",""Approved"",""In Review"",""In Review"",""Submitted"",""Submitted"",""Waiting for approval"",""Waiting for approval""]"
ERB-1028,2026-03-25T17:03:23.061Z,DMP-1613,true,"[""Approved"",""Approved"",""In Review"",""In Review"",""Submitted"",""Submitted"",""Waiting for approval"",""Waiting for approval""]"
ERB-563,2025-12-04T09:29:38.973Z,DMP-1168,true,"[""Approved"",""Approved"",""In Review"",""In Review"",""Submitted"",""Submitted""]"
ERB-1278,2026-05-04T16:37:57.064Z,DMP-2381,true,"[""Approved"",""Approved"",""In Review"",""In Review"",""Submitted"",""Submitted"",""Waiting for approval"",""Waiting for approval""]"
ERB-1093,2026-04-08T14:06:59.469Z,DMP-1575,false,[]
ERB-497,2025-11-10T12:05:00.188Z,DMP-1030,true,"[""Approved"",""Approved"",""In Review"",""In Review"",""Submitted"",""Submitted""]"
ERB-1565,2026-07-09T14:04:23.060Z,DMP-1380,false,"[""Major revisions"",""Major revisions"",""In Review"",""In Review"",""Submitted"",""Submitted""]"
ERB-772,2026-03-02T10:16:44.784Z,DMP-1551,true,"[""Approved"",""Approved"",""In Review"",""In Review"",""Submitted"",""Submitted"",""Waiting for approval"",""Waiting for approval""]"
ERB-1383,2026-05-18T20:50:01.946Z,DMP-2531,true,"[""Approved"",""Approved"",""In Review"",""In Review"",""Submitted"",""Submitted"",""Waiting for approval"",""Waiting for approval""]"
ERB-956,2026-03-19T17:58:27.826Z,DMP-1773,true,"[""Approved"",""Approved"",""In Review"",""In Review"",""Submitted"",""Submitted""]"
ERB-1501,2026-06-10T11:59:30.197Z,DMP-2703,true,"[""Approved"",""Approved"",""In Review"",""In Review"",""Submitted"",""Submitted""]"
ERB-613,2025-12-23T14:29:59.142Z,DMP-1296,true,"[""Approved"",""Approved"",""In Review"",""In Review"",""Submitted"",""Submitted""]"
ERB-600,2025-12-18T15:34:28.217Z,DMP-1277,true,"[""Approved"",""Approved"",""In Review"",""In Review"",""Submitted"",""Submitted""]"
ERB-667,2026-01-27T15:59:30.244Z,DMP-1443,false,"[""Retracted"",""Retracted"",""Submitted"",""Submitted"",""Waiting for approval"",""Waiting for approval""]"
ERB-1432,2026-05-26T12:41:33.571Z,DMP-2424,true,"[""Approved"",""Approved"",""In Review"",""In Review"",""Submitted"",""Submitted"",""Minor revisions"",""Minor revisions"",""In Review"",""In Review"",""Submitted"",""Submitted""]"
ERB-1346,2026-05-12T11:42:39.831Z,DMP-2313,true,"[""Approved"",""Approved"",""In Review"",""In Review"",""Submitted"",""Submitted"",""Waiting for approval"",""Waiting for approval""]"
ERB-1382,2026-05-18T18:28:03.807Z,DMP-2519,true,"[""Approved"",""Approved"",""In Review"",""In Review"",""Submitted"",""Submitted"",""Waiting for approval"",""Waiting for approval""]"
ERB-392,2025-09-29T14:09:45.456Z,DMP-802,true,"[""Approved"",""Approved"",""In Review"",""In Review"",""Submitted"",""Submitted""]"
ERB-1460,2026-05-31T22:11:20.356Z,DMP-2636,true,"[""Approved"",""Approved"",""In Review"",""In Review"",""Submitted"",""Submitted"",""Waiting for approval"",""Waiting for approval""]"
ERB-586,2025-12-11T19:48:41.537Z,DMP-1272,true,"[""Approved"",""Approved"",""In Review"",""In Review"",""Submitted"",""Submitted""]"
ERB-525,2025-11-20T10:53:33.219Z,DMP-1046,true,"[""Approved"",""Approved"",""In Review"",""In Review"",""Submitted"",""Submitted""]"
ERB-1311,2026-05-08T08:28:48.288Z,DMP-2428,true,"[""Approved"",""Approved"",""In Review"",""In Review"",""Submitted"",""Submitted"",""Waiting for approval"",""Waiting for approval""]"
ERB-421,2025-10-06T13:58:20.517Z,DMP-846,true,"[""Approved"",""Approved"",""In Review"",""In Review"",""Submitted"",""Submitted""]"
ERB-1402,2026-05-21T13:17:11.780Z,DMP-2557,true,"[""Approved"",""Approved"",""In Review"",""In Review"",""Submitted"",""Submitted"",""Waiting for approval"",""Waiting for approval""]"
ERB-1616,2026-08-28T14:01:33.846Z,DMP-2964,false,[]
ERB-943,2026-03-18T21:14:48.733Z,DMP-1793,true,"[""Approved"",""Approved"",""In Review"",""In Review"",""Submitted"",""Submitted"",""Waiting for approval"",""Waiting for approval""]"
ERB-830,2026-03-09T15:24:52.066Z,DMP-1743,true,"[""Approved"",""Approved"",""In Review"",""In Review"",""Submitted"",""Submitted"",""Waiting for approval"",""Waiting for approval""]"
ERB-1147,2026-04-15T16:06:44.268Z,null,true,"[""Approved"",""Approved"",""In Review"",""In Review"",""Submitted"",""Submitted"",""Waiting for approval"",""Waiting for approval""]"
ERB-1597,2026-08-13T10:19:31.941Z,DMP-2736,false,"[""Submitted""]"
ERB-860,2026-03-12T15:08:26.975Z,DMP-1759,true,"[""Approved"",""Approved"",""In Review"",""In Review"",""Submitted"",""Submitted"",""Waiting for approval"",""Waiting for approval""]"
ERB-1545,2026-06-29T14:28:42.937Z,DMP-2809,true,"[""Approved"",""Approved"",""In Review"",""In Review"",""Submitted"",""Submitted""]"
ERB-1542,2026-06-25T16:45:36.210Z,DMP-2801,false,"[""Retracted"",""Retracted""]"
ERB-451,2025-10-16T13:20:20.964Z,DMP-922,true,"[""Approved"",""Approved"",""In Review"",""In Review"",""Submitted"",""Submitted""]"
ERB-988,2026-03-23T18:19:46.586Z,DMP-1989,true,"[""Approved"",""Approved"",""In Review"",""In Review"",""Submitted"",""Submitted"",""Waiting for approval"",""Waiting for approval""]"
ERB-1483,2026-06-04T14:12:35.435Z,DMP-2443,true,"[""Approved"",""Approved"",""In Review"",""In Review"",""Submitted"",""Submitted""]"
ERB-1177,2026-04-21T12:39:35.791Z,DMP-2237,false,[]
ERB-1300,2026-05-07T09:43:53.748Z,DMP-2252,true,"[""Approved"",""Approved"",""In Review"",""In Review"",""Submitted"",""Submitted"",""Minor revisions"",""Minor revisions"",""In Review"",""In Review"",""Submitted"",""Submitted""]"
ERB-838,2026-03-10T13:30:41.071Z,DMP-1757,false,"[""Retracted"",""Retracted""]"
ERB-1556,2026-07-02T10:41:35.009Z,DMP-2831,true,"[""Approved"",""Approved"",""In Review"",""In Review"",""Submitted"",""Submitted"",""Major revisions"",""Major revisions"",""In Review"",""In Review"",""Submitted"",""Submitted""]"
ERB-503,2025-11-12T12:41:42.320Z,DMP-991,false,[]
ERB-968,2026-03-20T12:19:14.788Z,DMP-1795,true,"[""Approved"",""Approved"",""In Review"",""In Review"",""Submitted"",""Submitted"",""Waiting for approval"",""Waiting for approval""]"
ERB-1494,2026-06-08T10:39:30.620Z,DMP-2701,true,"[""Approved"",""Approved"",""In Review"",""In Review"",""Submitted"",""Submitted"",""Waiting for approval"",""Waiting for approval""]"
ERB-1225,2026-04-28T10:46:18.078Z,DMP-2236,false,[]
ERB-1068,2026-03-31T15:06:07.893Z,DMP-2061,true,"[""Approved"",""Approved"",""In Review"",""In Review"",""Submitted"",""Submitted"",""Waiting for approval"",""Waiting for approval""]"
ERB-610,2025-12-22T10:05:50.158Z,DMP-1186,true,"[""Approved"",""Approved"",""In Review"",""In Review"",""Submitted"",""Submitted""]"
ERB-674,2026-01-29T10:42:04.718Z,DMP-1453,false,"[""Draft"",""Draft"",""Waiting for approval"",""Waiting for approval""]"
ERB-1253,2026-04-30T19:03:53.708Z,DMP-2318,true,"[""Approved"",""Approved"",""In Review"",""In Review"",""Submitted"",""Submitted"",""Waiting for approval"",""Waiting for approval""]"
ERB-1094,2026-04-08T14:12:17.490Z,DMP-1512,false,[]
ERB-867,2026-03-13T09:57:28.991Z,DMP-1715,true,"[""Approved"",""Approved"",""In Review"",""In Review"",""Submitted"",""Submitted"",""Waiting for approval"",""Waiting for approval""]"
ERB-619,2026-01-07T13:35:23.315Z,DMP-1327,true,"[""Approved"",""Approved"",""In Review"",""In Review"",""Submitted"",""Submitted""]"
ERB-506,2025-11-13T11:09:05.425Z,DMP-1036,true,"[""Approved"",""Approved"",""In Review"",""In Review"",""Submitted"",""Submitted""]"
ERB-342,2025-09-11T08:06:12.988Z,DMP-710,true,"[""Approved"",""Approved"",""In Review"",""In Review"",""Submitted"",""Submitted""]"
ERB-994,2026-03-24T13:29:14.295Z,DMP-1881,true,"[""Approved"",""Approved"",""In Review"",""In Review"",""Submitted"",""Submitted""]"
ERB-559,2025-12-03T14:50:29.856Z,DMP-1189,true,"[""Approved"",""Approved"",""In Review"",""In Review"",""Submitted"",""Submitted""]"
ERB-636,2026-01-14T13:29:39.338Z,DMP-1243,false,[]
ERB-1504,2026-06-10T16:14:20.905Z,DMP-2728,false,[]
ERB-1611,2026-08-26T16:30:53.918Z,DMP-2918,false,[]
ERB-757,2026-02-25T10:26:30.172Z,DMP-1601,true,"[""Approved"",""Approved"",""In Review"",""In Review"",""Submitted"",""Submitted"",""Waiting for approval"",""Waiting for approval""]"
ERB-366,2025-09-23T11:24:30.559Z,DMP-661,true,"[""Approved"",""Approved"",""In Review"",""In Review"",""Submitted"",""Submitted""]"
ERB-1360,2026-05-13T14:39:49.545Z,DMP-2503,true,"[""Approved"",""Approved"",""In Review"",""In Review"",""Submitted"",""Submitted""]"
ERB-1056,2026-03-30T15:54:59.586Z,DMP-2017,true,"[""Approved"",""Approved"",""In Review"",""In Review"",""Submitted"",""Submitted""]"
ERB-415,2025-10-03T09:34:34.577Z,DMP-811,true,"[""Approved"",""Approved"",""In Review"",""In Review"",""Submitted"",""Submitted"",""Minor revisions"",""Minor revisions"",""In Review"",""In Review"",""Submitted"",""Submitted""]"
ERB-1182,2026-04-22T10:55:02.003Z,DMP-2221,false,[]
ERB-1482,2026-06-04T13:59:27.267Z,DMP-2669,true,"[""Approved"",""Approved"",""In Review"",""In Review"",""Submitted"",""Submitted""]"
ERB-437,2025-10-10T17:45:08.925Z,null,true,"[""Approved"",""Approved"",""In Review"",""In Review"",""Submitted"",""Submitted""]"
ERB-1491,2026-06-06T15:31:07.136Z,DMP-2696,false,[]
ERB-669,2026-01-28T13:59:29.127Z,DMP-1429,true,"[""Approved"",""Approved"",""In Review"",""In Review"",""Submitted"",""Submitted""]"
ERB-505,2025-11-12T23:51:00.179Z,DMP-1049,true,"[""Approved"",""Approved"",""In Review"",""In Review"",""Submitted"",""Submitted""]"
ERB-382,2025-09-24T16:55:13.856Z,DMP-780,true,"[""Approved"",""Approved"",""In Review"",""In Review"",""Submitted"",""Submitted""]"
ERB-1029,2026-03-26T08:28:40.812Z,DMP-2005,true,"[""Approved"",""Approved"",""In Review"",""In Review"",""Submitted"",""Submitted""]"
ERB-1554,2026-07-01T13:09:22.948Z,DMP-2722,false,"[""Retracted"",""Retracted""]"
ERB-376,2025-09-24T13:28:30.464Z,DMP-743,true,"[""Approved"",""Approved"",""In Review"",""In Review"",""Submitted"",""Submitted""]"
ERB-406,2025-10-01T15:06:53.848Z,DMP-815,true,"[""Approved"",""Approved"",""In Review"",""In Review"",""Submitted"",""Submitted""]"
ERB-922,2026-03-17T16:06:56.879Z,DMP-1857,false,[]
ERB-1571,2026-07-16T13:45:42.639Z,DMP-2868,true,"[""Approved"",""Approved"",""In Review"",""In Review"",""Submitted"",""Submitted""]"
ERB-676,2026-01-29T13:58:13.178Z,DMP-1444,true,"[""Approved"",""Approved"",""In Review"",""In Review"",""Submitted"",""Submitted""]"
ERB-892,2026-03-16T10:04:20.822Z,DMP-1853,false,"[""Draft"",""Draft"",""Waiting for approval"",""Waiting for approval""]"
ERB-331,2025-09-03T10:41:59.869Z,DMP-674,true,"[""Approved"",""Approved"",""In Review"",""In Review"",""Submitted"",""Submitted""]"
ERB-582,2025-12-11T12:31:10.133Z,DMP-1271,true,"[""Approved"",""Approved"",""In Review"",""In Review"",""Submitted"",""Submitted""]"
ERB-1603,2026-08-20T15:47:17.770Z,DMP-2930,false,"[""Submitted"",""Submitted""]"
ERB-546,2025-12-01T14:56:00.011Z,DMP-1163,true,"[""Approved"",""Approved"",""In Review"",""In Review"",""Submitted"",""Submitted""]"
ERB-618,2026-01-06T14:21:24.542Z,DMP-1302,true,"[""Approved"",""Approved"",""In Review"",""In Review"",""Submitted"",""Submitted""]"
ERB-901,2026-03-16T15:40:35.910Z,DMP-1879,true,"[""Approved"",""Approved"",""In Review"",""In Review"",""Submitted"",""Submitted""]"
ERB-513,2025-11-17T14:34:06.432Z,DMP-966,true,"[""Approved"",""Approved"",""In Review"",""In Review"",""Submitted"",""Submitted""]"
ERB-798,2026-03-05T09:54:34.430Z,DMP-1694,false,"[""Submitted"",""Submitted""]"
ERB-705,2026-02-10T09:15:33.444Z,DMP-1208,true,"[""Approved"",""Approved"",""In Review"",""In Review"",""Submitted"",""Submitted""]"
ERB-1452,2026-05-28T21:13:11.519Z,DMP-2479,true,"[""Approved"",""Approved"",""In Review"",""In Review"",""Submitted"",""Submitted""]"
ERB-1487,2026-06-05T13:29:26.547Z,DMP-2691,true,"[""Approved"",""Approved"",""In Review"",""In Review"",""Submitted"",""Submitted""]"
ERB-1497,2026-06-09T09:39:19.630Z,DMP-2704,false,[]
ERB-431,2025-10-08T13:49:48.785Z,DMP-876,true,"[""Approved"",""Approved"",""In Review"",""In Review"",""Submitted"",""Submitted""]"
ERB-574,2025-12-09T15:16:39.798Z,DMP-1234,true,"[""Approved"",""Approved"",""In Review"",""In Review"",""Submitted"",""Submitted""]"
ERB-384,2025-09-25T09:29:19.783Z,DMP-756,true,"[""Approved"",""Approved"",""In Review"",""In Review"",""Submitted"",""Submitted""]"
ERB-383,2025-09-25T09:09:58.948Z,DMP-746,true,"[""Approved"",""Approved"",""In Review"",""In Review"",""Submitted"",""Submitted""]"
ERB-1146,2026-04-15T15:58:27.468Z,null,true,"[""Approved"",""Approved"",""In Review"",""In Review"",""Submitted"",""Submitted"",""Waiting for approval"",""Waiting for approval""]"
ERB-1600,2026-08-18T14:24:39.418Z,DMP-2925,false,"[""Waiting for approval""]"
ERB-498,2025-11-11T10:09:00.062Z,DMP-1038,true,"[""Approved"",""Approved"",""In Review"",""In Review"",""Submitted"",""Submitted""]"
ERB-1345,2026-05-12T08:32:59.588Z,null,true,"[""Approved"",""Approved"",""In Review"",""In Review"",""Submitted"",""Submitted""]"
ERB-1617,2026-08-28T15:02:14.153Z,DMP-2936,false,[]
ERB-1389,2026-05-19T11:19:26.396Z,DMP-2492,true,"[""Approved"",""Approved"",""In Review"",""In Review"",""Submitted"",""Submitted""]"
ERB-1459,2026-05-31T18:45:29.206Z,DMP-2498,false,[]
ERB-397,2025-09-29T15:53:17.533Z,DMP-816,true,"[""Approved"",""Approved"",""In Review"",""In Review"",""Submitted"",""Submitted""]"
ERB-1588,2026-08-05T11:46:47.652Z,DMP-2897,false,[]
ERB-401,2025-09-30T16:44:56.415Z,DMP-826,true,"[""Approved"",""Approved"",""In Review"",""In Review"",""Submitted"",""Submitted""]"
ERB-1283,2026-05-06T01:24:02.675Z,DMP-2283,true,"[""Approved"",""Approved"",""In Review"",""In Review"",""Submitted"",""Submitted""]"
ERB-1503,2026-06-10T15:40:40.604Z,DMP-2727,true,"[""Approved"",""Approved"",""In Review"",""In Review"",""Submitted"",""Submitted""]"
ERB-346,2025-09-12T12:49:24.932Z,DMP-660,true,"[""Approved"",""Approved"",""In Review"",""In Review"",""Submitted"",""Submitted""]"
ERB-1468,2026-06-01T17:16:25.911Z,DMP-2649,true,"[""Approved"",""Approved"",""In Review"",""In Review"",""Submitted"",""Submitted""]"
ERB-1166,2026-04-17T21:38:50.915Z,DMP-2209,false,[]
ERB-1435,2026-05-26T13:42:14.229Z,DMP-2391,false,"[""Retracted"",""Retracted""]"
ERB-643,2026-01-16T14:21:03.338Z,DMP-1349,true,"[""Approved"",""Approved"",""In Review"",""In Review"",""Submitted"",""Submitted""]"
ERB-1535,2026-06-22T15:08:15.984Z,DMP-2774,false,[]
ERB-446,2025-10-14T13:49:33.552Z,DMP-875,true,"[""Approved"",""Approved"",""In Review"",""In Review"",""Submitted"",""Submitted""]"
ERB-715,2026-02-13T10:21:00.575Z,DMP-1536,true,"[""Approved"",""Approved"",""In Review"",""In Review"",""Submitted"",""Submitted"",""Waiting for approval"",""Waiting for approval""]"
ERB-759,2026-02-25T13:39:24.487Z,DMP-1603,true,"[""Approved"",""Approved"",""In Review"",""In Review"",""Submitted"",""Submitted"",""Waiting for approval"",""Waiting for approval""]"
ERB-825,2026-03-09T10:35:42.371Z,DMP-1573,true,"[""Approved"",""Approved"",""In Review"",""In Review"",""Submitted"",""Submitted""]"
ERB-1442,2026-05-27T09:34:01.345Z,DMP-2580,false,[]
ERB-805,2026-03-05T17:53:50.706Z,DMP-1527,false,[]
ERB-340,2025-09-10T15:12:54.619Z,DMP-703,true,"[""Approved"",""Approved"",""In Review"",""In Review"",""Submitted"",""Submitted""]"
ERB-1605,2026-08-24T09:51:20.927Z,DMP-1317,false,"[""Submitted""]"
ERB-749,2026-02-24T10:27:12.683Z,DMP-1523,true,"[""Approved"",""Approved"",""In Review"",""In Review"",""Submitted"",""Submitted""]"
ERB-570,2025-12-08T13:56:21.717Z,DMP-1088,false,[]
ERB-418,2025-10-03T16:42:19.088Z,DMP-853,true,"[""Approved"",""Approved"",""In Review"",""In Review"",""Submitted"",""Submitted""]"
ERB-492,2025-11-05T11:25:59.404Z,DMP-998,true,"[""Approved"",""Approved"",""In Review"",""In Review"",""Submitted"",""Submitted""]"
ERB-1563,2026-07-08T13:12:00.524Z,DMP-2838,true,"[""Approved"",""In Review"",""Submitted"",""Submitted""]"
ERB-1479,2026-06-03T09:08:18.918Z,DMP-2601,false,[]
ERB-797,2026-03-05T09:53:29.143Z,DMP-1690,true,"[""Approved"",""Approved"",""In Review"",""In Review"",""Submitted"",""Submitted""]"
ERB-599,2025-12-17T14:36:21.608Z,DMP-1181,false,[]
ERB-345,2025-09-12T10:35:40.403Z,DMP-712,true,"[""Approved"",""Approved"",""In Review"",""In Review"",""Submitted"",""Submitted""]"
ERB-394,2025-09-29T14:10:00.350Z,DMP-806,false,"[""Rejected"",""Rejected"",""In Review"",""In Review"",""Submitted"",""Submitted""]"
ERB-588,2025-12-15T08:53:09.511Z,DMP-1106,true,"[""Approved"",""Approved"",""In Review"",""In Review"",""Submitted"",""Submitted""]"
ERB-564,2025-12-04T12:06:47.427Z,DMP-1201,true,"[""Approved"",""Approved"",""In Review"",""In Review"",""Submitted"",""Submitted""]"
ERB-611,2025-12-22T10:07:51.373Z,DMP-1305,true,"[""Approved"",""Approved"",""In Review"",""In Review"",""Submitted"",""Submitted""]"
ERB-547,2025-12-01T15:05:48.760Z,DMP-1150,true,"[""Approved"",""Approved"",""In Review"",""In Review"",""Submitted"",""Submitted""]"
ERB-419,2025-10-03T16:47:36.718Z,DMP-798,true,"[""Approved"",""Approved"",""In Review"",""In Review"",""Submitted"",""Submitted""]"
ERB-555,2025-12-02T17:18:02.661Z,DMP-1179,true,"[""Approved"",""Approved"",""In Review"",""In Review"",""Submitted"",""Submitted""]"
ERB-607,2025-12-19T15:20:41.876Z,DMP-934,true,"[""Approved"",""Approved"",""In Review"",""In Review"",""Submitted"",""Submitted""]"
ERB-1500,2026-06-09T16:54:42.356Z,DMP-2011,false,"[""Major revisions"",""Major revisions"",""In Review"",""In Review"",""Submitted"",""Submitted""]"
ERB-696,2026-02-05T14:42:39.870Z,DMP-1485,false,[]
ERB-626,2026-01-08T13:57:48.786Z,DMP-1295,false,[]
ERB-1313,2026-05-08T09:09:06.404Z,DMP-2437,false,[]
ERB-584,2025-12-11T15:59:00.031Z,DMP-1236,true,"[""Approved"",""Approved"",""In Review"",""In Review"",""Submitted"",""Submitted""]"
ERB-375,2025-09-24T13:01:39.355Z,DMP-776,true,"[""Approved"",""Approved"",""In Review"",""In Review"",""Submitted"",""Submitted""]"
ERB-1621,2026-08-31T14:57:01.056Z,DMP-2961,false,[]
ERB-592,2025-12-16T10:16:07.226Z,DMP-1280,true,"[""Approved"",""Approved"",""In Review"",""In Review"",""Submitted"",""Submitted""]"
ERB-795,2026-03-04T19:30:58.396Z,DMP-1686,false,[]
ERB-1492,2026-06-07T12:50:31.396Z,DMP-2697,false,"[""Waiting for approval"",""Waiting for approval""]"
ERB-565,2025-12-04T13:16:40.820Z,DMP-1202,true,"[""Approved"",""Approved"",""In Review"",""In Review"",""Submitted"",""Submitted""]"
ERB-561,2025-12-03T17:08:15.089Z,DMP-1156,true,"[""Approved"",""Approved"",""In Review"",""In Review"",""Submitted"",""Submitted""]"
ERB-645,2026-01-19T11:36:30.092Z,DMP-1375,true,"[""Approved"",""Approved"",""In Review"",""In Review"",""Submitted"",""Submitted""]"
ERB-796,2026-03-05T09:24:28.942Z,DMP-1691,false,"[""Retracted"",""Retracted"",""Submitted"",""Submitted""]"
ERB-1567,2026-07-14T11:26:48.161Z,DMP-2769,false,[]
ERB-357,2025-09-18T12:16:22.550Z,DMP-736,false,"[""Submitted"",""Submitted""]"
ERB-692,2026-02-04T16:24:29.263Z,DMP-1475,false,[]
ERB-1533,2026-06-22T13:57:47.454Z,DMP-2705,false,[]
ERB-637,2026-01-14T14:05:43.059Z,DMP-1340,false,[]
ERB-585,2025-12-11T15:59:43.574Z,DMP-1245,true,"[""Approved"",""Approved"",""In Review"",""In Review"",""Submitted"",""Submitted""]"
ERB-374,2025-09-24T11:49:39.644Z,DMP-772,true,"[""Approved"",""Approved"",""In Review"",""In Review"",""Submitted"",""Submitted""]"
ERB-339,2025-09-10T13:07:26.165Z,DMP-706,true,"[""Approved"",""Approved"",""In Review"",""In Review"",""Submitted"",""Submitted""]"
ERB-576,2025-12-10T09:10:23.033Z,DMP-1175,true,"[""Approved"",""Approved"",""In Review"",""In Review"",""Submitted"",""Submitted""]"
ERB-1529,2026-06-18T10:42:57.570Z,DMP-2702,false,[]
ERB-351,2025-09-16T15:27:20.721Z,DMP-727,false,"[""Retracted"",""Retracted""]"
ERB-336,2025-09-08T20:23:07.379Z,DMP-701,true,"[""Approved"",""Approved"",""In Review"",""In Review"",""Submitted"",""Submitted""]"
ERB-499,2025-11-11T10:21:48.936Z,DMP-1033,false,[]
ERB-620,2026-01-08T08:07:27.477Z,DMP-1332,false,"[""Retracted"",""Retracted""]"
ERB-1550,2026-06-29T16:01:23.692Z,DMP-2803,false,"[""Retracted"",""Retracted""]"
ERB-1374,2026-05-18T09:23:41.246Z,DMP-2473,false,[]
ERB-1581,2026-08-03T14:37:47.413Z,DMP-2081,false,[]
ERB-628,2026-01-09T13:46:45.233Z,DMP-1333,true,"[""Approved"",""Approved"",""In Review"",""In Review"",""Submitted"",""Submitted""]"
ERB-398,2025-09-30T11:59:28.723Z,DMP-822,true,"[""Approved"",""Approved"",""In Review"",""In Review"",""Submitted"",""Submitted""]"
ERB-475,2025-10-29T15:55:02.950Z,DMP-955,false,[]
ERB-596,2025-12-17T09:33:05.915Z,DMP-1282,false,[]
ERB-1025,2026-03-25T16:05:15.545Z,DMP-1992,false,[]
ERB-1555,2026-07-01T13:38:53.576Z,DMP-2825,false,[]
ERB-1569,2026-07-15T20:59:12.873Z,DMP-2863,false,[]
ERB-1349,2026-05-12T15:08:46.616Z,DMP-2481,false,[]
ERB-1608,2026-08-25T23:30:29.527Z,DMP-2944,false,[]
ERB-465,2025-10-24T09:30:31.137Z,DMP-957,false,"[""Retracted"",""Retracted"",""Submitted"",""Submitted""]"
ERB-543,2025-12-01T10:29:18.472Z,DMP-1061,false,[]
ERB-526,2025-11-20T10:57:32.871Z,DMP-1084,false,[]
ERB-1303,2026-05-07T11:54:35.960Z,DMP-2194,false,"[""Retracted"",""Retracted""]"
ERB-1509,2026-06-11T15:22:18.879Z,DMP-2721,false,[]
ERB-461,2025-10-22T15:04:12.295Z,DMP-845,false,"[""Draft"",""Draft"",""Waiting for approval"",""Waiting for approval""]"
ERB-912,2026-03-17T14:08:45.861Z,DMP-1780,false,[]
ERB-1153,2026-04-16T11:24:29.136Z,DMP-2198,false,[]
ERB-1623,2026-08-31T16:39:21.997Z,DMP-2970,false,[]
ERB-1386,2026-05-19T10:07:05.477Z,DMP-2250,false,[]
ERB-1606,2026-08-25T09:58:58.799Z,DMP-2932,false,[]
ERB-1084,2026-04-03T11:33:54.685Z,DMP-2095,false,"[""Retracted"",""Retracted""]"
ERB-1537,2026-06-23T09:50:19.941Z,DMP-2777,false,[]
ERB-847,2026-03-11T12:02:00.374Z,DMP-1599,false,[]
ERB-380,2025-09-24T14:03:38.982Z,DMP-633,false,[]
ERB-440,2025-10-13T10:52:29.764Z,DMP-665,false,[]
ERB-579,2025-12-10T17:18:52.011Z,DMP-1237,false,[]
ERB-1613,2026-08-27T15:37:34.971Z,DMP-1565,false,[]
ERB-1158,2026-04-16T17:42:01.127Z,DMP-2201,false,[]
ERB-1447,2026-05-28T09:43:13.451Z,DMP-2594,false,[]
ERB-1445,2026-05-27T16:18:52.999Z,DMP-2524,false,[]
ERB-624,2026-01-08T11:32:27.358Z,DMP-1149,false,[]
ERB-992,2026-03-24T10:35:50.696Z,DMP-1924,false,[]
ERB-1615,2026-08-28T10:08:02.566Z,DMP-2935,false,[]
ERB-1546,2026-06-29T14:32:34.150Z,DMP-2811,false,[]
ERB-1568,2026-07-15T09:32:36.444Z,DMP-2613,false,[]
ERB-1583,2026-08-03T15:34:25.011Z,DMP-2870,false,[]
ERB-1058,2026-03-30T16:18:54.316Z,DMP-2054,false,[]
ERB-1624,2026-08-31T20:05:21.839Z,DMP-2912,false,[]
ERB-1517,2026-06-16T09:14:50.985Z,DMP-2737,false,[]
ERB-1051,2026-03-30T10:47:05.618Z,DMP-1810,false,[]
ERB-1496,2026-06-08T13:23:35.983Z,DMP-2671,false,[]
ERB-1407,2026-05-22T09:30:27.546Z,DMP-2540,false,[]
ERB-329,2025-09-02T16:22:10.072Z,DMP-679,false,[]
ERB-1231,2026-04-28T14:08:06.005Z,DMP-2290,false,[]
ERB-1559,2026-07-03T14:37:52.089Z,DMP-2793,false,[]
ERB-1190,2026-04-22T15:04:36.834Z,DMP-1959,false,[]
ERB-1543,2026-06-25T22:58:58.113Z,DMP-1983,false,[]
ERB-919,2026-03-17T15:57:42.657Z,DMP-1563,false,[]
ERB-1518,2026-06-16T11:26:32.868Z,DMP-2733,false,[]
ERB-1456,2026-05-29T19:25:11.453Z,DMP-2632,false,[]
ERB-510,2025-11-17T11:32:38.108Z,DMP-1010,false,[]
ERB-996,2026-03-24T14:09:08.715Z,DMP-1883,false,[]
ERB-412,2025-10-02T10:42:03.920Z,DMP-842,false,[]
ERB-509,2025-11-17T09:30:37.323Z,DMP-796,false,[]
ERB-794,2026-03-04T18:36:56.811Z,DMP-1685,false,[]
ERB-631,2026-01-12T09:25:08.815Z,DMP-1304,false,[]
ERB-453,2025-10-17T16:12:35.830Z,DMP-932,false,[]
ERB-379,2025-09-24T14:02:06.114Z,DMP-730,false,[]
ERB-378,2025-09-24T13:57:09.661Z,DMP-769,false,[]
ERB-1421,2026-05-22T18:02:24.436Z,DMP-2074,false,[]
ERB-1523,2026-06-17T13:05:16.286Z,DMP-2753,false,[]
ERB-370,2025-09-23T15:11:51.424Z,DMP-738,false,[]
ERB-358,2025-09-18T14:10:25.712Z,DMP-735,false,[]
ERB-1085,2026-04-06T15:50:18.977Z,DMP-2103,false,[]
ERB-1000,2026-03-24T20:18:09.204Z,DMP-1749,false,[]
ERB-1575,2026-07-24T16:47:50.822Z,DMP-2858,false,[]
ERB-1590,2026-08-10T09:57:01.295Z,DMP-2794,false,[]
ERB-1353,2026-05-12T16:46:47.916Z,DMP-2317,false,[]
ERB-442,2025-10-13T18:28:06.131Z,DMP-819,false,[]
ERB-1602,2026-08-19T11:28:02.699Z,DMP-2797,false,[]
ERB-1530,2026-06-18T11:35:57.916Z,DMP-2759,false,[]
ERB-549,2025-12-01T16:30:13.315Z,DMP-1166,false,[]
ERB-1115,2026-04-10T12:53:21.227Z,DMP-1917,false,[]
ERB-432,2025-10-08T16:42:34.894Z,DMP-872,false,[]
ERB-1580,2026-08-03T13:45:29.790Z,DMP-2895,false,[]
ERB-562,2025-12-04T09:28:48.494Z,DMP-1194,false,[]
ERB-1127,2026-04-14T13:09:27.587Z,DMP-2056,false,[]
ERB-435,2025-10-09T13:49:25.042Z,DMP-900,false,[]
ERB-1587,2026-08-05T11:16:08.146Z,DMP-2807,false,[]
ERB-531,2025-11-21T13:47:27.281Z,DMP-1053,false,[]
ERB-1618,2026-08-31T12:41:19.474Z,DMP-2864,false,[]
ERB-1521,2026-06-17T09:13:12.613Z,DMP-1391,false,[]
ERB-873,2026-03-13T10:22:35.668Z,DMP-1630,false,[]
ERB-1337,2026-05-11T16:18:19.602Z,DMP-2404,false,[]
ERB-1338,2026-05-11T16:20:18.809Z,DMP-2406,false,[]
ERB-791,2026-03-04T17:46:55.759Z,DMP-1683,false,[]
ERB-657,2026-01-25T11:32:00.255Z,DMP-1415,false,[]
ERB-402,2025-10-01T11:16:00.561Z,DMP-832,false,[]
ERB-1020,2026-03-25T15:37:20.911Z,DMP-1540,false,[]
ERB-1462,2026-06-01T09:56:13.354Z,DMP-2639,false,[]
ERB-654,2026-01-25T11:17:22.819Z,DMP-1412,false,[]
ERB-458,2025-10-21T09:53:11.915Z,DMP-931,false,[]
ERB-1594,2026-08-12T14:40:56.834Z,DMP-2915,false,[]
ERB-653,2026-01-25T11:12:34.462Z,DMP-1411,false,[]
ERB-803,2026-03-05T16:38:03.648Z,DMP-1711,false,[]
ERB-655,2026-01-25T11:20:10.548Z,DMP-1413,false,[]
ERB-656,2026-01-25T11:29:41.188Z,DMP-1414,false,[]
ERB-1183,2026-04-22T10:59:14.956Z,DMP-2249,false,[]
ERB-333,2025-09-08T11:39:22.617Z,DMP-695,false,[]
ERB-793,2026-03-04T18:12:52.047Z,DMP-1684,false,[]
ERB-1042,2026-03-27T15:16:26.612Z,DMP-2027,false,[]
ERB-1072,2026-04-01T18:24:43.849Z,DMP-2075,false,[]
ERB-878,2026-03-13T12:11:30.384Z,DMP-1828,false,[]
ERB-658,2026-01-25T11:35:43.467Z,DMP-1416,false,[]
ERB-632,2026-01-12T09:41:14.721Z,DMP-1306,false,[]
ERB-629,2026-01-09T14:58:24.256Z,DMP-1312,false,[]
ERB-1444,2026-05-27T15:13:33.205Z,DMP-1644,false,[]
ERB-489,2025-11-04T20:53:00.661Z,DMP-1001,false,[]
ERB-1566,2026-07-09T14:36:48.003Z,DMP-2853,false,[]
ERB-616,2026-01-06T10:29:55.394Z,DMP-1293,false,[]
ERB-1625,2026-08-31T21:02:06.837Z,DMP-2974,false,[]
ERB-1041,2026-03-27T15:04:39.303Z,DMP-1821,false,[]
ERB-1622,2026-08-31T15:04:45.183Z,DMP-2942,false,[]
ERB-1489,2026-06-06T13:40:09.805Z,DMP-2622,false,[]
ERB-535,2025-11-25T10:15:41.724Z,DMP-1113,false,[]
ERB-649,2026-01-20T13:42:21.860Z,DMP-1377,false,[]
ERB-1049,2026-03-29T14:57:34.902Z,DMP-2041,false,[]
ERB-1564,2026-07-09T11:00:23.096Z,DMP-2694,false,[]
ERB-711,2026-02-12T11:02:41.192Z,DMP-1494,false,[]
ERB-1614,2026-08-27T15:59:43.067Z,DMP-2950,false,[]
ERB-652,2026-01-25T11:07:00.821Z,DMP-1410,false,[]
ERB-617,2026-01-06T11:17:24.174Z,DMP-1324,false,[]
ERB-748,2026-02-24T09:52:30.483Z,DMP-1581,false,[]
ERB-1619,2026-08-31T14:05:30.421Z,DMP-2968,false,[]
ERB-1399,2026-05-20T15:28:19.862Z,DMP-2257,false,[]
ERB-1330,2026-05-11T12:34:46.641Z,DMP-1825,false,[]
ERB-1129,2026-04-14T13:12:53.110Z,DMP-2082,false,[]
ERB-1218,2026-04-27T11:30:22.386Z,DMP-2297,false,[]
ERB-621,2026-01-08T09:41:44.374Z,DMP-1334,false,[]
ERB-1262,2026-05-01T15:05:10.092Z,DMP-2197,false,[]
ERB-866,2026-03-13T09:43:12.239Z,DMP-1761,false,[]
ERB-1370,2026-05-18T08:16:27.153Z,DMP-2448,false,[]
ERB-578,2025-12-10T16:45:33.459Z,DMP-1209,false,[]
ERB-372,2025-09-23T15:29:59.255Z,DMP-762,false,[]
ERB-1256,2026-05-01T10:56:36.579Z,DMP-2178,false,[]
ERB-469,2025-10-27T16:42:23.730Z,DMP-924,false,[]
ERB-554,2025-12-02T15:05:07.059Z,DMP-975,false,[]
ERB-639,2026-01-15T15:16:38.610Z,DMP-1362,false,[]
ERB-729,2026-02-18T11:53:35.719Z,null,false,[]
